yr_start,yr_end,state_abbr,state_name,alc__alcohol_hs,alc__binge_adult,alc__binge_hs,arth__activity_limit_arth,arth__arth_adult,arth__self_mgmt_class_arth,arth__inactive_arth,arth__pa_counsel_arth,arth__severe_joint_pain_arth,arth__work_limit_arth_18_64,asth__asthma_adult,can__screen_cervical_w21_65,can__screen_colorectal_45_75,can__mammo_w50_74,cvd__hbp_adult,cvd__high_chol_screened_adult,cvd__med_high_chol_adult,cvd__med_hbp_adult,copd__copd_adult,copd__smoking_copd_adult,cog__scd_discussed_hcp_45plus,cog__caregiver_friend_family_adult,cog__caregiver_dementia_adult,cog__scd_45plus,dm__diabetes_adult,dm__gest_diabetes_recent_birth,dis__any_disability_adult,hs__chronic2plus_adult,hs__fair_poor_health_adult,hs__phys_distress_freq_adult,imm__flu_vax_adult,imm__flu_vax_risk_18_64,imm__pneumo_vax_risk_18_64,imm__pneumo_vax_65plus,mat__postpartum_check_recent_birth,mh__poor_mh_hs,mh__depression_adult,mh__mental_distress_freq_adult,mh__postpartum_depr_recent_birth,npaw__pa_guideline_6_13,npaw__fruit_lt1_daily_adult,npaw__fruit_lt1_daily_hs,npaw__soda_ge1_daily_hs,npaw__veg_lt1_daily_adult,npaw__veg_lt1_daily_hs,npaw__breastfed_12m,npaw__exclusive_breastfed_6m,npaw__pa_guideline_hs,npaw__pa_guideline_adult,npaw__no_leisure_pa_adult,npaw__obesity_wic_2_4,npaw__obesity_adult,npaw__obesity_hs,oral__all_teeth_lost_65plus,oral__no_teeth_lost_18_64,oral__prev_dental_pre_preg_recent_birth,oral__prev_dental_child_1_17,oral__teeth_lost_6plus_65plus,oral__dentist_visit_past_year_adult,oral__dentist_visit_child_1_17,sleep__short_sleep_adult,sleep__short_sleep_child_4m_14y,sleep__short_sleep_hs,sdoh__food_insecure_household,sdoh__ins_after_preg_recent_birth,sdoh__ins_before_preg_recent_birth,sdoh__hs_completion_18_24,sdoh__no_ins_18_64,sdoh__no_transport_adult,sdoh__no_social_emotional_support_adult,sdoh__poverty_lt150_all,sdoh__no_broadband_household,sdoh__routine_checkup_adult,sdoh__housing_utility_payment_issue_adult,sdoh__unemployment_16plus_lf,tob__smoking_preg_recent_birth,tob__cig_smoking_adult,tob__vape_hs,tob__smokeless_hs,tob__any_tobacco_hs,tob__quit_attempt_adult_smokers
2018,2019,AK,Alaska,,,,,,,,,,,,,,,,,,,,,,,,,,,,,,,,,,,,,,,,45.4,,,,,,,,,,,,,,,,,47.0,,,88.4,,33.7,,,,,,,,,,,,,,,,,,,
2018,2019,AL,Alabama,,,,,,,,,,,,,,,,,,,,,,,,,,,,,,,,,,,,,,,,22.6,,,,,,,,,,,,,,,,,24.2,,,84.3,,40.9,,,,,,,,,,,,,,,,,,,
2018,2019,AR,Arkansas,,,,,,,,,,,,,,,,,,,,,,,,,,,,,,,,,,,,,,,,28.3,,,,,,,,,,,,,,,,,41.3,,,77.9,,37.5,,,,,,,,,,,,,,,,,,,
2018,2019,AZ,Arizona,,,,,,,,,,,,,,,,,,,,,,,,,,,,,,,,,,,,,,,,18.0,,,,,,,,,,,,,,,,,32.1,,,81.5,,18.1,,,,,,,,,,,,,,,,,,,
2018,2019,CA,California,,,,,,,,,,,,,,,,,,,,,,,,,,,,,,,,,,,,,,,,23.2,,,,,,,,,,,,,,,,,34.6,,,84.8,,21.7,,,,,,,,,,,,,,,,,,,
2018,2019,CO,Colorado,,,,,,,,,,,,,,,,,,,,,,,,,,,,,,,,,,,,,,,,33.3,,,,,,,,,,,,,,,,,49.0,,,92.1,,23.7,,,,,,,,,,,,,,,,,,,
2018,2019,CT,Connecticut,,,,,,,,,,,,,,,,,,,,,,,,,,,,,,,,,,,,,,,,30.1,,,,,,,,,,,,,,,,,41.1,,,90.6,,20.7,,,,,,,,,,,,,,,,,,,
2018,2019,DC,District of Columbia,,,,,,,,,,,,,,,,,,,,,,,,,,,,,,,,,,,,,,,,15.7,,,,,,,,,,,,,,,,,56.5,,,82.2,,9.7,,,,,,,,,,,,,,,,,,,
2018,2019,DE,Delaware,,,,,,,,,,,,,,,,,,,,,,,,,,,,,,,,,,,,,,,,27.7,,,,,,,,,,,,,,,,,50.7,,,90.0,,28.1,,,,,,,,,,,,,,,,,,,
2018,2019,FL,Florida,,,,,,,,,,,,,,,,,,,,,,,,,,,,,,,,,,,,,,,,29.3,,,,,,,,,,,,,,,,,27.0,,,91.8,,52.9,,,,,,,,,,,,,,,,,,,
2018,2019,GA,Georgia,,,,,,,,,,,,,,,,,,,,,,,,,,,,,,,,,,,,,,,,29.0,,,,,,,,,,,,,,,,,44.7,,,83.4,,39.4,,,,,,,,,,,,,,,,,,,
2018,2019,HI,Hawaii,,,,,,,,,,,,,,,,,,,,,,,,,,,,,,,,,,,,,,,,20.2,,,,,,,,,,,,,,,,,56.6,,,89.9,,38.6,,,,,,,,,,,,,,,,,,,
2018,2019,IA,Iowa,,,,,,,,,,,,,,,,,,,,,,,,,,,,,,,,,,,,,,,,38.6,,,,,,,,,,,,,,,,,58.7,,,92.1,,27.5,,,,,,,,,,,,,,,,,,,
2018,2019,ID,Idaho,,,,,,,,,,,,,,,,,,,,,,,,,,,,,,,,,,,,,,,,28.0,,,,,,,,,,,,,,,,,59.5,,,83.8,,27.3,,,,,,,,,,,,,,,,,,,
2018,2019,IL,Illinois,,,,,,,,,,,,,,,,,,,,,,,,,,,,,,,,,,,,,,,,29.0,,,,,,,,,,,,,,,,,53.2,,,82.5,,34.0,,,,,,,,,,,,,,,,,,,
2018,2019,IN,Indiana,,,,,,,,,,,,,,,,,,,,,,,,,,,,,,,,,,,,,,,,25.4,,,,,,,,,,,,,,,,,48.1,,,78.0,,35.1,,,,,,,,,,,,,,,,,,,
2018,2019,KS,Kansas,,,,,,,,,,,,,,,,,,,,,,,,,,,,,,,,,,,,,,,,29.4,,,,,,,,,,,,,,,,,45.9,,,56.7,,34.2,,,,,,,,,,,,,,,,,,,
2018,2019,KY,Kentucky,,,,,,,,,,,,,,,,,,,,,,,,,,,,,,,,,,,,,,,,29.3,,,,,,,,,,,,,,,,,29.5,,,90.8,,41.6,,,,,,,,,,,,,,,,,,,
2018,2019,LA,Louisiana,,,,,,,,,,,,,,,,,,,,,,,,,,,,,,,,,,,,,,,,24.3,,,,,,,,,,,,,,,,,38.2,,,91.6,,48.9,,,,,,,,,,,,,,,,,,,
2018,2019,MA,Massachusetts,,,,,,,,,,,,,,,,,,,,,,,,,,,,,,,,,,,,,,,,31.1,,,,,,,,,,,,,,,,,39.6,,,94.9,,9.4,,,,,,,,,,,,,,,,,,,
2018,2019,MD,Maryland,,,,,,,,,,,,,,,,,,,,,,,,,,,,,,,,,,,,,,,,25.7,,,,,,,,,,,,,,,,,53.3,,,84.1,,41.6,,,,,,,,,,,,,,,,,,,
2018,2019,ME,Maine,,,,,,,,,,,,,,,,,,,,,,,,,,,,,,,,,,,,,,,,46.5,,,,,,,,,,,,,,,,,49.0,,,79.0,,27.4,,,,,,,,,,,,,,,,,,,
2018,2019,MI,Michigan,,,,,,,,,,,,,,,,,,,,,,,,,,,,,,,,,,,,,,,,39.8,,,,,,,,,,,,,,,,,29.8,,,79.9,,44.6,,,,,,,,,,,,,,,,,,,
2018,2019,MN,Minnesota,,,,,,,,,,,,,,,,,,,,,,,,,,,,,,,,,,,,,,,,36.4,,,,,,,,,,,,,,,,,67.4,,,76.4,,27.8,,,,,,,,,,,,,,,,,,,
2018,2019,MO,Missouri,,,,,,,,,,,,,,,,,,,,,,,,,,,,,,,,,,,,,,,,29.8,,,,,,,,,,,,,,,,,49.0,,,81.6,,31.7,,,,,,,,,,,,,,,,,,,
2018,2019,MS,Mississippi,,,,,,,,,,,,,,,,,,,,,,,,,,,,,,,,,,,,,,,,29.0,,,,,,,,,,,,,,,,,37.1,,,85.5,,43.5,,,,,,,,,,,,,,,,,,,
2018,2019,MT,Montana,,,,,,,,,,,,,,,,,,,,,,,,,,,,,,,,,,,,,,,,36.0,,,,,,,,,,,,,,,,,43.5,,,85.1,,26.0,,,,,,,,,,,,,,,,,,,
2018,2019,NC,North Carolina,,,,,,,,,,,,,,,,,,,,,,,,,,,,,,,,,,,,,,,,25.4,,,,,,,,,,,,,,,,,52.8,,,83.9,,40.8,,,,,,,,,,,,,,,,,,,
2018,2019,ND,North Dakota,,,,,,,,,,,,,,,,,,,,,,,,,,,,,,,,,,,,,,,,45.9,,,,,,,,,,,,,,,,,53.4,,,76.7,,25.5,,,,,,,,,,,,,,,,,,,
2018,2019,NE,Nebraska,,,,,,,,,,,,,,,,,,,,,,,,,,,,,,,,,,,,,,,,29.3,,,,,,,,,,,,,,,,,56.9,,,91.1,,27.7,,,,,,,,,,,,,,,,,,,
2018,2019,NH,New Hampshire,,,,,,,,,,,,,,,,,,,,,,,,,,,,,,,,,,,,,,,,31.6,,,,,,,,,,,,,,,,,50.4,,,93.4,,27.9,,,,,,,,,,,,,,,,,,,
2018,2019,NJ,New Jersey,,,,,,,,,,,,,,,,,,,,,,,,,,,,,,,,,,,,,,,,23.0,,,,,,,,,,,,,,,,,46.1,,,87.9,,26.6,,,,,,,,,,,,,,,,,,,
2018,2019,NM,New Mexico,,,,,,,,,,,,,,,,,,,,,,,,,,,,,,,,,,,,,,,,32.2,,,,,,,,,,,,,,,,,49.8,,,86.7,,38.6,,,,,,,,,,,,,,,,,,,
2018,2019,NV,Nevada,,,,,,,,,,,,,,,,,,,,,,,,,,,,,,,,,,,,,,,,17.2,,,,,,,,,,,,,,,,,52.0,,,85.5,,31.3,,,,,,,,,,,,,,,,,,,
2018,2019,NY,New York,,,,,,,,,,,,,,,,,,,,,,,,,,,,,,,,,,,,,,,,27.9,,,,,,,,,,,,,,,,,41.1,,,91.5,,37.3,,,,,,,,,,,,,,,,,,,
2018,2019,OH,Ohio,,,,,,,,,,,,,,,,,,,,,,,,,,,,,,,,,,,,,,,,23.1,,,,,,,,,,,,,,,,,38.9,,,81.8,,40.9,,,,,,,,,,,,,,,,,,,
2018,2019,OK,Oklahoma,,,,,,,,,,,,,,,,,,,,,,,,,,,,,,,,,,,,,,,,30.0,,,,,,,,,,,,,,,,,52.0,,,81.4,,46.1,,,,,,,,,,,,,,,,,,,
2018,2019,OR,Oregon,,,,,,,,,,,,,,,,,,,,,,,,,,,,,,,,,,,,,,,,28.0,,,,,,,,,,,,,,,,,52.1,,,87.5,,36.0,,,,,,,,,,,,,,,,,,,
2018,2019,PA,Pennsylvania,,,,,,,,,,,,,,,,,,,,,,,,,,,,,,,,,,,,,,,,38.9,,,,,,,,,,,,,,,,,52.0,,,62.1,,58.0,,,,,,,,,,,,,,,,,,,
2018,2019,RI,Rhode Island,,,,,,,,,,,,,,,,,,,,,,,,,,,,,,,,,,,,,,,,36.0,,,,,,,,,,,,,,,,,45.7,,,87.8,,32.3,,,,,,,,,,,,,,,,,,,
2018,2019,SC,South Carolina,,,,,,,,,,,,,,,,,,,,,,,,,,,,,,,,,,,,,,,,29.5,,,,,,,,,,,,,,,,,30.0,,,84.0,,31.1,,,,,,,,,,,,,,,,,,,
2018,2019,SD,South Dakota,,,,,,,,,,,,,,,,,,,,,,,,,,,,,,,,,,,,,,,,27.5,,,,,,,,,,,,,,,,,59.7,,,90.4,,29.8,,,,,,,,,,,,,,,,,,,
2018,2019,TN,Tennessee,,,,,,,,,,,,,,,,,,,,,,,,,,,,,,,,,,,,,,,,31.9,,,,,,,,,,,,,,,,,36.9,,,79.4,,44.5,,,,,,,,,,,,,,,,,,,
2018,2019,TX,Texas,,,,,,,,,,,,,,,,,,,,,,,,,,,,,,,,,,,,,,,,16.0,,,,,,,,,,,,,,,,,43.3,,,81.6,,46.3,,,,,,,,,,,,,,,,,,,
2018,2019,US,United States,,,,,,,,,,,,,,,,,,,,,,,,,,,,,,,,,,,,,,,,23.6,,,,,,,,,,,,,,,,,35.8,,,82.3,,34.4,,,,,,,,,,,,,,,,,,,
2018,2019,UT,Utah,,,,,,,,,,,,,,,,,,,,,,,,,,,,,,,,,,,,,,,,19.7,,,,,,,,,,,,,,,,,62.7,,,91.5,,28.3,,,,,,,,,,,,,,,,,,,
2018,2019,VA,Virginia,,,,,,,,,,,,,,,,,,,,,,,,,,,,,,,,,,,,,,,,19.6,,,,,,,,,,,,,,,,,62.2,,,76.1,,34.5,,,,,,,,,,,,,,,,,,,
2018,2019,VT,Vermont,,,,,,,,,,,,,,,,,,,,,,,,,,,,,,,,,,,,,,,,33.9,,,,,,,,,,,,,,,,,39.2,,,86.0,,24.2,,,,,,,,,,,,,,,,,,,
2018,2019,WA,Washington,,,,,,,,,,,,,,,,,,,,,,,,,,,,,,,,,,,,,,,,28.8,,,,,,,,,,,,,,,,,57.5,,,82.9,,33.2,,,,,,,,,,,,,,,,,,,
2018,2019,WI,Wisconsin,,,,,,,,,,,,,,,,,,,,,,,,,,,,,,,,,,,,,,,,27.0,,,,,,,,,,,,,,,,,49.8,,,53.0,,36.3,,,,,,,,,,,,,,,,,,,
2018,2019,WV,West Virginia,,,,,,,,,,,,,,,,,,,,,,,,,,,,,,,,,,,,,,,,29.7,,,,,,,,,,,,,,,,,53.5,,,59.2,,45.5,,,,,,,,,,,,,,,,,,,
2018,2019,WY,Wyoming,,,,,,,,,,,,,,,,,,,,,,,,,,,,,,,,,,,,,,,,33.1,,,,,,,,,,,,,,,,,67.3,,,84.0,,33.8,,,,,,,,,,,,,,,,,,,
2019,2019,AK,Alaska,15.6,11.1,7.5,14.9,27.3,17.1,28.3,73.5,26.6,40.5,10.3,,,,33.0,31.9,27.3,59.4,13.0,41.0,,,,,16.4,21.5,26.0,35.3,14.0,13.4,31.1,38.1,29.2,58.1,74.1,,18.5,6.7,12.2,,48.4,10.1,14.9,16.9,7.5,50.9,30.9,21.2,52.7,19.4,,26.9,14.8,,,58.8,,,,,,,75.0,,89.1,94.2,83.5,8.6,,,36.1,14.1,69.8,,6.5,5.3,14.0,25.1,12.8,30.6,59.5
2019,2019,AL,Alabama,20.1,12.4,9.4,16.0,29.9,20.1,32.8,48.0,59.2,51.5,8.1,,,,40.8,31.3,54.0,85.2,7.0,46.9,,,,,15.3,6.8,35.1,24.3,22.7,9.8,29.9,28.0,34.9,73.2,92.8,,25.9,21.0,20.7,,46.1,10.0,21.4,27.0,8.9,23.7,21.0,25.4,49.6,31.1,,32.6,15.3,,,25.0,,,,,,,80.0,,51.4,83.9,90.2,14.9,,,19.7,18.4,74.5,,4.4,12.6,20.2,20.0,6.2,30.0,54.2
2019,2019,AR,Arkansas,25.3,13.1,10.8,6.7,12.9,15.6,41.4,68.8,33.6,61.9,7.0,,,,53.3,33.7,37.1,92.7,4.5,45.5,,,,,18.7,11.9,44.9,20.6,26.3,9.9,24.5,51.2,24.8,71.1,82.7,,27.8,21.8,16.1,,31.6,14.3,20.7,20.1,13.4,29.2,24.4,22.7,57.4,37.8,,35.9,19.3,,,33.7,,,,,,,75.0,,87.9,87.6,88.7,21.3,,,27.8,19.7,69.2,,4.8,13.4,10.6,5.0,7.3,23.1,57.0
2019,2019,AZ,Arizona,29.5,20.9,14.7,7.8,29.3,33.4,28.7,61.9,26.7,50.4,11.9,,,,35.3,41.0,16.6,79.4,2.5,35.7,,,,,15.1,,31.5,11.7,20.5,17.3,28.3,35.4,27.9,73.5,,,19.6,14.6,,,34.8,3.5,14.1,21.2,6.1,40.4,24.0,15.0,63.8,35.2,,57.9,10.6,,,,,,,,,,78.4,,,,83.9,14.9,,,28.0,12.6,67.3,,4.1,,16.2,17.1,3.4,23.5,50.1
2019,2019,CA,California,32.2,9.0,6.1,12.1,47.8,19.5,39.6,72.3,40.4,37.8,8.5,,,,26.3,27.3,31.6,75.0,3.9,18.0,,,,,9.7,,24.5,13.7,12.7,11.6,36.3,45.4,41.8,70.9,,,6.0,13.2,,,30.3,5.1,9.0,22.8,,43.6,27.3,15.2,68.3,21.4,,25.2,12.4,,,,,,,,,,66.4,,,,91.3,15.1,,,27.4,10.1,74.0,,4.5,,10.0,18.8,0.0,,57.2
2019,2019,CO,Colorado,39.1,21.5,8.8,6.2,23.1,17.5,22.0,73.4,25.6,55.2,10.8,,,,23.4,25.1,25.0,67.0,5.1,27.5,,,,,10.6,6.2,15.4,9.1,14.0,6.6,46.4,43.3,33.1,78.8,90.8,,20.7,15.0,18.8,,42.7,5.3,,21.4,3.3,39.6,32.1,27.5,58.9,18.7,,24.2,15.9,,,35.8,,,,,,,69.4,,95.2,95.3,91.4,17.9,,,25.4,8.8,87.3,,4.9,0.0,11.9,26.4,,,63.1
2019,2019,CT,Connecticut,26.2,12.0,6.1,9.1,6.5,12.3,27.8,67.1,26.4,37.6,9.2,,,,16.6,30.0,35.1,81.2,5.2,44.8,,,,,14.3,24.4,25.2,16.7,24.2,13.5,69.9,45.5,24.1,74.2,85.7,,10.8,12.3,8.5,,37.7,9.0,13.8,24.6,7.3,34.1,26.3,31.2,54.4,21.6,,35.5,15.6,,,35.7,,,,,,,74.5,,81.8,91.9,90.1,9.2,,,34.3,11.4,88.3,,4.5,2.0,12.1,19.4,2.8,20.1,63.1
2019,2019,DC,District of Columbia,17.7,22.3,8.9,7.0,5.7,16.6,34.8,78.5,36.3,37.5,31.1,,,,27.2,18.0,29.7,65.0,4.5,25.0,,,,,15.1,5.2,19.7,19.5,12.7,16.2,61.7,51.7,20.1,78.0,98.4,,18.3,9.1,20.3,,31.0,,15.8,23.5,,36.8,29.2,17.2,44.0,16.8,,9.9,16.1,,,39.3,,,,,,,82.4,,98.4,94.2,98.1,8.2,,,15.2,12.7,78.7,,2.5,3.5,16.1,12.0,5.5,27.7,68.4
2019,2019,DE,Delaware,,31.3,,3.7,6.9,12.2,41.6,71.7,27.6,42.3,11.3,,,,38.8,35.4,34.6,36.4,8.5,43.7,,,,,15.5,12.5,25.6,21.2,23.6,14.8,38.4,41.9,26.9,76.2,90.9,,17.8,14.7,4.0,,23.1,,,17.2,,34.9,25.0,,42.7,26.6,,38.3,,,,41.0,,,,,,,,,97.4,92.6,82.3,51.9,,,36.9,10.5,75.7,,4.3,14.8,10.4,,,,59.1
2019,2019,FL,Florida,26.1,17.0,15.8,10.2,28.9,17.9,30.3,70.7,47.5,42.6,5.0,,,,37.9,41.2,23.4,73.3,13.3,34.4,,,,,14.0,10.7,20.9,40.5,20.7,15.0,32.7,37.5,,67.7,92.4,,14.8,15.5,13.0,,40.8,9.2,16.8,14.8,11.2,23.0,18.2,13.7,55.6,26.4,,22.1,14.6,,,34.0,,,,,,,83.3,,81.1,80.0,83.8,18.6,,,19.0,13.1,74.1,,4.5,4.7,16.4,,,,49.8
2019,2019,GA,Georgia,22.3,12.6,2.6,14.6,20.6,18.1,28.1,57.9,28.4,39.7,8.3,,,,18.2,41.1,40.8,76.0,9.3,43.3,,,,,11.3,24.5,28.5,17.0,24.7,19.0,36.2,38.7,26.3,69.6,95.3,,11.9,15.4,16.1,,43.1,12.0,,19.0,15.5,33.7,18.7,19.8,52.8,30.1,,30.0,17.0,,,37.1,,,,,,,,,76.8,71.1,83.2,21.1,,,15.7,15.0,82.7,,7.1,3.2,18.1,15.3,2.0,18.6,58.1
2019,2019,GU,Guam,28.4,21.7,3.4,2.1,14.3,21.8,34.0,78.5,33.4,46.4,8.0,,,,27.0,17.4,37.8,60.9,2.9,42.8,,,,,10.1,,33.4,11.4,26.2,10.2,30.6,25.1,24.8,42.4,,,8.0,15.1,,,46.4,9.1,17.3,28.4,9.5,,,14.8,41.5,33.4,,34.6,25.8,,,,,,,,,,85.5,,,,,25.5,,,,,90.1,,,,25.6,21.7,13.0,29.5,67.5
2019,2019,HI,Hawaii,20.4,25.1,7.7,7.9,20.8,30.4,27.3,70.5,35.7,39.5,8.4,,,,37.3,14.1,22.6,69.7,4.3,24.4,,,,,11.3,17.8,28.2,13.8,16.2,13.5,37.0,49.3,26.1,70.5,98.2,,14.0,14.4,5.9,,41.2,9.1,13.6,22.1,9.1,54.1,27.7,11.2,52.6,17.4,,27.4,20.6,,,6.3,,,,,,,76.1,,98.2,96.7,93.6,8.7,,,8.7,11.4,84.6,,2.7,3.9,15.2,41.8,,,71.0
2019,2019,IA,Iowa,29.6,27.0,12.2,7.5,9.2,17.4,25.5,66.1,38.6,34.7,6.2,,,,34.0,33.4,14.4,93.2,6.5,38.1,,,,,10.3,11.6,17.0,17.2,20.1,10.4,41.3,41.6,33.0,73.6,84.6,,11.4,9.8,16.6,,44.3,7.9,17.6,25.6,7.8,38.2,27.0,18.2,50.6,27.3,,40.1,14.7,,,48.7,,,,,,,81.9,,64.0,62.9,89.1,11.4,,,16.5,16.0,68.5,,6.5,1.7,16.4,35.6,5.8,18.0,46.7
2019,2019,ID,Idaho,35.1,11.8,16.1,6.2,49.2,19.2,32.3,64.0,24.0,38.7,12.3,,,,33.0,18.1,30.9,71.9,5.5,30.5,,,,,10.3,,27.7,17.0,14.6,12.9,39.6,41.7,28.9,64.4,,,22.3,11.5,,,40.4,7.6,13.0,17.5,3.9,40.7,30.4,13.0,56.7,22.1,,31.4,14.0,,,,,,,,,,,,,,86.7,44.7,,,27.1,11.6,65.6,,3.4,,37.6,24.2,3.5,21.0,50.2
2019,2019,IL,Illinois,29.0,16.0,2.1,9.8,10.4,18.6,31.3,68.1,35.2,38.5,8.7,,,,34.6,31.5,23.6,78.4,6.9,20.4,,,,,2.4,10.9,24.2,23.9,7.0,11.5,36.4,44.0,26.3,50.7,93.8,,13.7,10.6,10.1,,34.7,8.3,13.4,22.8,5.1,35.4,28.3,15.3,56.0,30.3,,36.4,15.3,,,57.5,,,,,,,72.8,,70.6,88.1,90.0,15.6,,,35.8,13.8,68.8,,4.7,1.5,14.1,14.1,6.6,9.7,58.6
2019,2019,IN,Indiana,,16.9,,5.2,8.8,16.2,38.9,71.3,37.5,44.3,10.7,,,,37.1,23.3,30.4,78.7,19.2,43.7,,,,,11.3,,25.0,15.7,22.9,13.8,34.0,46.0,36.2,71.9,,,26.7,14.5,,,35.4,,,23.4,,30.3,21.5,,47.5,35.1,,33.0,,,,,,,,,,,,,,,87.1,24.4,,,18.8,15.9,91.7,,3.7,,19.2,,,,50.6
2019,2019,KS,Kansas,31.1,16.6,18.6,10.4,21.5,22.1,33.8,67.8,52.2,48.1,10.6,,,,36.3,37.8,32.4,37.6,3.4,21.6,,,,,22.7,10.9,20.6,5.8,25.7,11.6,65.5,33.3,37.0,64.4,84.5,,15.1,26.3,13.5,,49.6,6.4,11.3,23.0,6.8,39.5,29.2,11.0,52.2,26.6,,36.4,14.1,,,46.9,,,,,,,82.9,,85.3,62.9,82.4,15.4,,,19.2,14.9,67.7,,3.2,9.6,20.5,3.5,7.6,29.1,57.6
2019,2019,KY,Kentucky,23.9,15.3,5.2,16.7,29.0,12.2,39.3,70.1,36.4,51.6,7.2,,,,42.7,29.8,38.9,80.7,15.1,61.7,,,,,13.5,26.7,37.2,24.3,29.7,24.3,43.0,44.7,39.2,73.4,94.3,,25.7,34.6,26.1,,43.7,10.1,27.3,19.7,11.4,34.5,21.2,19.0,41.3,36.8,,40.5,15.6,,,45.3,,,,,,,84.1,,92.6,89.8,88.3,9.5,,,26.9,16.5,77.5,,6.1,13.9,22.1,31.4,2.9,22.7,56.2
2019,2019,LA,Louisiana,16.5,24.8,6.3,10.4,23.4,15.5,38.7,72.7,57.6,50.4,12.0,,,,18.9,41.5,30.3,80.1,7.7,50.7,,,,,12.1,7.1,39.8,20.2,31.9,15.7,41.3,39.0,38.5,69.7,88.0,,29.3,18.5,14.1,,55.7,13.0,20.4,23.8,9.5,24.2,22.2,23.4,43.6,30.1,,33.4,17.4,,,37.8,,,,,,,81.2,,90.7,87.7,87.7,18.4,,,20.0,19.5,71.8,,5.4,5.6,24.1,10.6,4.8,39.7,60.0
2019,2019,MA,Massachusetts,26.3,21.1,17.4,12.1,51.1,15.6,32.0,70.8,25.8,38.5,18.9,,,,12.3,33.6,30.4,34.5,4.9,34.4,,,,,9.3,11.8,23.4,14.2,28.4,14.7,67.0,41.2,32.0,78.4,92.9,,13.9,13.1,13.8,,42.1,9.4,12.5,17.8,12.0,44.2,29.2,11.4,60.9,18.0,,12.1,18.8,,,45.7,,,,,,,78.4,,98.5,92.8,85.2,13.7,,,13.6,11.1,82.7,,3.8,1.6,14.4,16.1,3.0,50.3,54.2
2019,2019,MD,Maryland,24.1,12.2,9.6,11.5,27.2,14.6,19.7,79.4,32.1,37.0,12.0,,,,40.9,39.8,51.5,42.1,6.4,32.1,,,,,11.0,8.6,22.4,21.4,12.9,6.2,42.3,62.0,36.7,79.3,92.3,,11.8,10.6,12.5,,37.9,10.7,12.8,15.2,8.2,43.0,28.9,12.6,50.4,24.9,,10.5,13.6,,,46.8,,,,,,,78.2,,94.3,96.5,90.7,8.3,,,13.5,11.0,83.3,,2.9,5.0,31.9,23.0,4.4,18.4,52.6
2019,2019,ME,Maine,22.8,17.0,,24.0,28.0,13.2,35.5,67.8,37.3,42.9,12.7,,,,16.9,32.8,27.9,63.4,9.8,69.4,,,,,9.9,10.0,32.5,39.4,29.5,8.8,45.7,44.8,25.3,75.3,92.7,,28.5,14.2,8.1,,56.9,4.7,,10.7,,41.0,28.7,24.3,49.0,30.2,,43.0,14.9,,,43.8,,,,,,,74.9,,92.7,86.8,88.2,16.4,,,53.1,15.7,64.9,,3.5,12.2,17.6,18.9,3.2,19.4,57.2
2019,2019,MI,Michigan,27.1,13.4,12.3,14.6,18.0,14.3,31.2,71.1,36.4,42.9,11.5,,,,35.1,19.6,30.2,79.7,6.9,37.4,,,,,11.5,8.6,30.4,22.4,22.5,13.3,23.7,40.9,25.7,74.3,94.8,,23.4,19.1,13.5,,41.0,8.1,10.0,20.7,9.0,32.2,25.1,23.5,51.7,28.3,,31.0,20.5,,,47.1,,,,,,,87.6,,95.6,91.6,85.9,13.1,,,16.0,14.1,80.2,,5.4,10.8,21.9,20.1,10.4,21.6,58.7
2019,2019,MN,Minnesota,,23.2,,6.3,19.0,26.5,24.7,67.4,23.1,43.1,9.4,,,,31.7,19.8,32.4,81.5,8.0,22.1,,,,,19.7,13.3,22.8,5.8,14.6,9.4,50.8,52.3,16.1,71.4,87.6,,21.5,12.6,16.4,,39.6,,,18.3,,46.3,36.5,,58.0,19.9,,21.5,,,,25.3,,,,,,,,,93.1,57.7,78.0,18.7,,,13.5,12.1,68.3,,2.5,12.0,8.1,,,,56.5
2019,2019,MO,Missouri,24.6,22.7,19.6,17.1,30.7,14.9,35.8,65.5,40.2,45.5,11.3,,,,16.6,17.6,35.0,82.0,3.2,39.3,,,,,21.7,9.0,48.8,19.5,11.4,34.3,67.8,41.2,32.9,72.2,79.5,,15.8,18.6,32.7,,46.1,5.7,21.6,17.8,9.4,34.0,24.6,29.1,40.2,30.6,,39.9,17.5,,,20.2,,,,,,,78.8,,92.8,84.8,90.3,12.7,,,31.2,15.2,83.1,,3.4,4.1,20.6,14.5,2.5,16.6,55.3
2019,2019,MS,Mississippi,18.6,7.6,9.5,13.4,55.4,10.8,47.0,71.4,48.6,50.7,11.3,,,,43.6,36.5,36.7,88.6,10.3,40.7,,,,,14.2,6.1,39.1,45.5,12.8,19.8,35.1,33.6,17.4,63.2,86.1,,20.6,17.3,25.8,,53.5,9.7,21.8,22.9,19.8,22.2,15.6,19.4,42.6,42.5,,37.8,21.1,,,30.7,,,,,,,78.3,,51.8,76.9,84.1,25.5,,,20.4,23.0,70.1,,10.2,10.0,20.6,18.9,12.1,19.7,62.6
2019,2019,MT,Montana,25.3,31.6,18.7,17.0,36.2,15.6,35.5,61.9,21.7,41.5,10.7,,,,25.5,47.4,46.6,88.2,14.3,42.3,,,,,14.9,5.8,44.2,17.7,25.8,15.7,47.4,45.3,33.3,72.7,85.5,,32.0,16.1,15.6,,40.0,3.8,12.5,15.0,12.2,42.9,34.3,10.8,61.5,20.0,,27.4,12.2,,,40.0,,,,,,,70.1,,94.3,87.9,86.5,12.5,,,21.6,15.5,89.5,,13.7,27.7,19.8,29.8,0.0,32.3,54.3
2019,2019,NC,North Carolina,20.7,11.0,9.8,15.5,51.9,15.3,32.9,76.3,45.3,37.9,10.9,,,,35.4,55.4,41.6,78.5,3.1,49.2,,,,,7.8,6.1,32.9,23.6,24.6,10.7,38.6,48.3,30.2,77.4,90.9,,21.6,13.3,3.9,,38.4,9.2,19.8,19.8,14.4,34.2,22.1,20.8,34.7,24.6,,30.8,17.3,,,20.0,,,,,,,83.3,,79.9,87.3,88.9,22.1,,,15.3,14.8,74.0,,7.3,2.8,10.3,29.7,,,62.5
2019,2019,ND,North Dakota,34.5,5.8,19.5,9.1,33.4,14.1,25.3,68.2,18.5,30.6,9.5,,,,29.8,29.9,28.5,81.8,7.2,29.8,,,,,20.3,6.7,24.6,15.2,13.0,9.3,44.2,35.3,37.2,70.9,89.3,,22.4,8.5,11.0,,36.2,5.4,15.9,29.9,7.3,34.4,27.4,25.2,56.2,31.6,,39.5,27.5,,,63.4,,,,,,,90.6,,86.0,71.6,90.6,10.1,,,27.2,15.8,70.7,,1.6,9.1,14.8,34.6,2.0,33.7,49.5
2019,2019,NE,Nebraska,20.0,15.9,5.9,2.3,23.1,16.1,57.1,67.2,25.7,38.4,6.1,,,,32.8,50.9,20.6,34.2,4.7,31.7,,,,,2.6,8.6,21.1,17.8,14.6,8.7,36.8,45.7,27.3,70.6,92.4,,10.6,11.2,21.8,,41.6,6.4,17.5,22.4,4.3,37.7,26.0,13.2,51.4,19.7,,30.6,13.3,,,31.8,,,,,,,72.2,,92.6,83.4,95.8,15.7,,,22.9,13.8,73.5,,5.3,11.9,16.2,21.9,2.1,17.2,50.7
2019,2019,NH,New Hampshire,39.3,4.9,24.3,11.0,22.7,15.6,30.5,57.0,21.7,40.4,7.6,,,,14.7,29.5,29.3,75.1,6.6,34.7,,,,,10.2,8.7,35.6,7.1,14.6,12.7,46.4,52.8,35.9,72.9,78.5,,14.7,5.2,20.8,,37.8,,8.4,17.7,,42.5,31.8,36.8,59.4,19.4,,32.3,12.7,,,53.3,,,,,,,76.1,,96.8,92.0,89.0,9.2,,,11.3,10.8,82.2,,3.1,6.3,33.3,32.2,,,48.9
2019,2019,NJ,New Jersey,36.5,,18.5,,,,,,,,,,,,,,,,,,,,,,,6.8,,,,,,,27.6,,89.5,,,,17.2,,,4.9,3.4,,,33.8,23.5,16.2,,,,,15.2,,,57.2,,,,,,,91.3,,73.8,95.7,92.1,,,,13.9,10.8,,,4.6,1.1,,28.0,,,
2019,2019,NM,New Mexico,31.2,17.2,19.2,9.7,30.1,18.0,30.8,71.3,30.0,45.6,9.3,,,,34.9,47.7,26.8,75.5,12.1,43.4,,,,,13.9,20.1,28.8,4.5,25.8,19.7,38.7,46.1,30.2,73.5,86.5,,20.6,15.4,14.1,,45.5,9.0,19.7,23.7,9.8,42.8,29.0,14.3,57.4,21.8,,32.5,15.9,,,37.0,,,,,,,74.6,,93.2,89.5,75.3,8.1,,,24.7,20.8,71.7,,5.1,8.0,17.0,32.9,8.6,30.0,56.9
2019,2019,NV,Nevada,18.8,24.5,15.1,3.6,46.1,18.9,29.6,63.6,37.3,30.0,10.0,,,,58.2,17.8,46.2,77.7,10.0,37.4,,,,,11.2,,33.4,18.2,16.4,20.6,26.3,27.9,24.5,66.8,,,17.6,17.9,,,43.2,13.2,8.2,23.1,,27.6,22.3,19.8,45.7,28.7,,34.5,14.0,,,,,,,,,,79.4,,,,85.8,20.3,,,14.4,14.6,66.3,,3.6,,17.5,24.1,3.8,,57.1
2019,2019,NY,New York,11.1,8.9,13.9,12.4,29.6,13.3,35.7,58.9,35.2,36.7,11.3,,,,25.0,34.0,50.0,73.1,7.1,42.6,,,,,10.5,23.8,23.8,7.9,15.6,10.5,40.7,49.8,24.2,50.6,86.4,,18.0,12.1,15.1,,37.4,8.6,11.8,35.0,,36.3,23.4,17.0,42.3,27.0,,24.4,13.9,,,43.1,,,,,,,80.4,,100.0,84.7,91.2,6.8,,,28.5,13.7,94.7,,3.4,4.7,29.5,23.9,,,57.8
2019,2019,OH,Ohio,19.1,14.0,13.4,12.5,22.7,15.6,34.8,60.2,40.8,43.9,13.2,,,,43.6,49.9,31.5,57.6,11.3,52.2,,,,,12.0,,36.9,42.6,19.6,13.1,46.8,45.7,32.7,76.0,,,33.3,8.6,,,36.1,10.6,16.8,20.2,11.0,32.2,23.7,24.1,59.9,26.0,,33.9,15.2,,,,,,,,,,83.4,,,,88.3,13.5,,,38.4,14.6,78.5,,4.6,,19.8,26.1,6.7,31.7,57.3
2019,2019,OK,Oklahoma,3.7,10.1,14.8,20.0,23.1,20.8,39.5,66.1,52.6,48.4,11.2,,,,37.8,36.4,38.6,68.2,11.2,39.9,,,,,10.6,,24.9,5.8,22.5,15.5,38.7,43.8,27.1,71.4,,,19.9,9.0,,,45.4,9.1,22.3,19.3,7.1,27.9,23.2,29.2,33.3,33.5,,31.1,14.4,,,,,,,,,,76.7,,,,83.2,19.0,,,26.8,16.3,80.0,,3.7,,18.9,27.1,10.1,6.3,57.4
2019,2019,OR,Oregon,,13.7,,4.7,48.8,19.1,24.2,66.0,31.3,38.2,15.6,,,,30.6,30.7,13.5,36.2,11.2,23.3,,,,,8.9,11.7,27.2,6.7,12.8,12.4,64.4,41.6,31.4,78.7,92.0,,27.6,14.1,17.9,,39.7,,,16.4,,44.0,34.2,,56.7,36.3,,33.6,,,,42.6,,,,,,,,,75.7,92.7,82.1,13.0,,,34.8,10.9,78.2,,3.7,10.5,16.1,,,,64.7
2019,2019,PA,Pennsylvania,28.7,14.6,8.3,11.3,36.9,12.7,32.2,73.8,30.4,40.2,13.1,,,,31.8,26.7,34.9,80.6,7.2,41.6,,,,,10.6,13.9,24.9,23.3,12.9,11.2,36.2,53.2,27.0,67.1,83.1,,13.5,6.7,6.5,,31.2,6.8,13.6,20.0,7.9,35.2,24.6,14.1,52.3,32.1,,32.7,15.1,,,28.8,,,,,,,73.9,,97.9,92.1,91.8,13.0,,,19.1,14.7,75.6,,3.7,10.9,19.7,8.8,1.4,29.8,53.1
2019,2019,PR,Puerto Rico,20.9,13.1,17.8,12.2,26.2,7.1,59.7,71.7,52.1,46.2,7.2,,,,66.4,51.3,36.7,56.2,4.3,12.4,,,,,16.7,8.7,52.7,5.5,45.7,21.5,19.7,22.1,21.8,33.6,84.2,,17.9,11.8,11.5,,53.4,9.3,24.9,43.0,9.2,35.3,35.2,11.3,30.5,50.6,,30.9,16.7,,,50.7,,,,,,,66.9,,96.3,95.1,,8.5,,,,,81.5,,,1.0,9.6,10.7,3.1,10.8,53.2
2019,2019,RI,Rhode Island,22.5,20.3,7.5,8.8,9.2,14.4,34.5,73.8,34.5,46.4,15.0,,,,34.3,32.5,36.9,37.6,8.3,28.0,,,,,21.4,9.5,22.0,39.0,24.2,13.0,40.9,55.7,30.1,77.3,95.1,,17.1,13.2,12.6,,35.7,6.3,,27.3,10.2,33.3,22.9,13.3,56.1,25.5,,28.2,20.6,,,33.8,,,,,,,80.2,,100.0,95.3,93.5,7.5,,,19.1,12.7,95.8,,4.9,6.3,11.5,30.1,1.2,31.7,62.6
2019,2019,SC,South Carolina,17.8,16.4,14.1,17.5,28.3,15.5,37.2,70.5,43.8,46.1,12.1,,,,38.4,56.4,33.8,82.0,9.0,37.9,,,,,13.5,,22.9,42.2,18.9,17.2,30.5,41.0,27.8,75.6,,,14.8,11.9,,,46.5,12.5,8.7,16.5,16.8,26.0,19.3,15.2,53.8,30.9,,36.8,22.0,,,,,,,,,,82.2,,,,86.1,20.1,,,29.7,17.6,79.5,,6.9,,19.8,21.1,7.1,23.0,58.3
2019,2019,SD,South Dakota,22.0,20.4,14.7,5.0,26.7,18.4,41.5,66.8,23.1,34.4,11.2,,,,34.7,8.9,38.1,82.6,5.9,36.3,,,,,11.8,5.6,41.7,19.6,14.8,10.8,43.3,50.4,30.7,73.4,67.1,,20.7,4.5,12.7,,38.3,7.9,4.4,16.6,8.9,37.8,29.1,23.8,44.4,30.0,,32.3,12.9,,,47.1,,,,,,,77.1,,72.0,91.1,86.4,15.0,,,55.2,15.3,79.1,,1.8,26.6,9.9,23.1,5.5,36.1,63.6
2019,2019,TN,Tennessee,13.2,3.7,2.1,16.4,33.8,15.3,36.2,70.0,46.2,48.9,11.1,,,,39.3,39.8,34.5,76.5,7.9,45.7,,,,,19.5,14.0,37.6,23.2,23.6,15.8,45.8,40.0,33.2,75.0,87.9,,18.5,10.3,23.9,,37.5,8.4,25.0,19.4,13.0,31.5,24.9,29.3,49.9,37.3,,42.0,24.3,,,32.4,,,,,,,85.1,,43.9,41.6,90.2,13.4,,,32.2,16.9,69.0,,7.6,12.0,19.9,18.0,8.2,26.7,69.0
2019,2019,TX,Texas,30.9,19.3,18.6,11.5,20.5,15.2,35.9,64.9,41.9,47.7,9.3,,,,34.3,34.9,59.3,78.7,2.9,17.8,,,,,13.0,,41.0,17.5,21.2,10.9,64.0,36.2,34.7,74.8,,,21.5,11.9,,,38.4,4.9,25.4,21.1,13.6,34.8,24.0,29.9,65.1,27.2,,32.4,3.9,,,,,,,,,,77.3,,,,87.6,15.3,,,21.0,13.8,77.3,,6.8,,18.7,19.0,5.6,9.0,46.3
2019,2019,US,United States,31.9,24.1,5.0,6.1,24.2,16.3,30.2,70.4,27.3,44.7,11.4,,,,30.6,16.0,28.0,38.1,6.2,26.3,,,,,14.8,8.5,27.9,39.6,21.5,7.7,42.6,42.6,29.9,73.5,86.9,,18.8,16.4,11.4,,38.2,9.4,15.2,21.2,8.5,35.6,27.0,15.3,50.9,22.6,,31.4,11.9,,,33.4,,,,,,,73.7,,93.6,86.2,87.1,10.6,,,29.4,13.6,74.2,,4.5,6.8,22.2,19.7,16.2,41.7,58.3
2019,2019,UT,Utah,9.0,14.5,6.8,9.7,20.3,17.8,17.2,67.6,24.2,39.9,10.7,,,,54.8,24.8,27.3,64.1,4.9,27.2,,,,,7.3,12.1,17.7,17.7,10.6,7.6,38.0,44.6,25.0,75.8,83.6,,29.3,11.0,20.5,,36.9,5.1,14.1,20.6,6.2,44.1,27.3,19.4,56.4,19.9,,26.1,9.8,,,55.8,,,,,,,86.1,,65.8,91.4,92.1,14.9,,,18.9,9.3,90.5,,2.6,5.8,17.3,11.4,1.7,15.0,59.1
2019,2019,VA,Virginia,25.4,12.7,9.2,14.4,52.2,16.3,32.8,74.4,35.4,37.8,12.1,,,,34.3,31.6,31.3,65.3,7.4,36.1,,,,,23.5,18.5,27.5,19.8,19.9,12.5,50.8,43.7,43.5,77.9,91.1,,19.6,12.6,14.8,,39.0,7.2,19.4,15.8,,40.1,25.8,29.4,47.4,33.3,,37.8,12.5,,,27.6,,,,,,,79.8,,54.6,48.7,91.2,12.9,,,25.0,13.2,71.6,,4.0,2.1,14.5,21.6,2.8,29.2,59.1
2019,2019,VT,Vermont,29.7,4.6,15.2,10.1,24.0,16.6,32.9,63.9,29.5,41.1,12.6,,,,12.1,34.7,30.4,29.8,6.5,39.7,,,,,9.9,6.5,24.0,36.5,13.1,12.7,51.4,53.0,30.7,76.8,94.9,,26.4,11.3,9.6,,39.1,5.4,,20.2,7.4,54.0,36.2,29.8,61.8,25.5,,30.4,13.1,,,54.4,,,,,,,,,97.5,94.1,94.5,6.6,,,17.4,16.2,64.2,,3.9,11.7,16.5,25.3,2.9,27.0,50.9
2019,2019,WA,Washington,,12.6,,11.2,31.3,16.6,30.1,70.1,19.1,45.2,7.9,,,,33.8,31.9,34.1,53.2,1.8,33.3,,,,,2.8,8.7,23.3,7.4,19.2,15.6,43.6,52.9,29.5,77.5,91.2,,26.2,16.1,12.9,,38.9,,,21.8,,47.4,29.5,,51.2,24.9,,28.0,,,,30.3,,,,,,,,,97.4,67.8,92.9,11.8,,,17.2,8.7,74.0,,4.7,6.4,10.3,,,,56.6
2019,2019,WI,Wisconsin,27.1,19.4,,10.1,36.4,24.9,31.1,77.2,20.9,41.0,11.4,,,,32.1,22.4,22.4,91.7,10.8,23.7,,,,,8.7,22.3,22.7,25.4,10.9,35.7,30.8,51.9,40.8,75.5,83.7,,21.5,12.0,22.1,,37.5,,,40.8,,45.1,31.3,21.9,56.8,25.5,,33.3,14.5,,,39.9,,,,,,,70.7,,94.4,89.9,88.7,16.7,,,37.0,14.3,80.7,,2.8,6.2,17.6,20.6,4.4,18.0,65.8
2019,2019,WV,West Virginia,30.7,11.4,13.3,19.9,61.5,12.7,42.2,64.0,34.4,48.7,11.7,,,,41.7,25.1,52.5,81.3,16.9,68.2,,,,,15.7,,42.1,50.9,26.0,19.0,49.8,39.5,32.4,75.4,,,33.8,10.9,,,49.8,10.3,15.4,19.6,5.9,19.2,13.8,22.2,48.0,35.2,,48.4,20.2,,,,,,,,,,85.3,,,,88.3,10.0,,,25.4,19.2,84.7,,4.8,,26.6,36.7,13.5,44.9,49.9
2019,2019,WY,Wyoming,,27.3,,8.2,26.7,12.0,30.5,62.4,27.4,32.1,12.8,,,,35.1,29.3,46.0,54.7,9.0,38.5,,,,,7.8,5.3,49.5,19.1,15.4,20.0,35.7,27.7,18.1,68.7,92.5,,19.6,12.6,19.6,,37.9,,,17.5,,41.3,27.2,,57.7,19.9,,26.6,,,,44.6,,,,,,,,,69.5,84.1,88.2,19.6,,,16.9,12.4,62.3,,4.2,15.8,10.2,,,,48.4
2019,2020,AK,Alaska,,,,,,,,,,,,,,,,,,,,,36.9,,,7.4,,,,,,,,,,,,,,,,,,,,,,,,,,,,,,,,,,,,,,,,,,,,,,,,,,,,,,,,,
2019,2020,AL,Alabama,,,,,,,,,,,,,,,,,,,,,42.0,,,14.2,,,,,,,,,,,,,,,,,,,,,,,,,,,,,,,,,,,,,,,,,,,,,,,,,,,,,,,,,
2019,2020,AR,Arkansas,,,,,,,,,,,,,,,,,,,,,46.7,,,12.2,,,,,,,,,,,,,,,,,,,,,,,,,,,,,,,,,,,,,,,,,,,,,,,,,,,,,,,,,
2019,2020,AZ,Arizona,,,,,,,,,,,,,,,,,,,,,47.6,,,8.2,,,,,,,,,,,,,,,,,,,,,,,,,,,,,,,,,,,,,,,,,,,,,,,,,,,,,,,,,
2019,2020,CA,California,,,,,,,,,,,,,,,,,,,,,43.1,,,4.9,,,,,,,,,,,,,,,,,,,,,,,,,,,,,,,,,,,,,,,,,,,,,,,,,,,,,,,,,
2019,2020,CT,Connecticut,,,,,,,,,,,,,,,,,,,,,59.5,,,6.9,,,,,,,,,,,,,,,,,,,,,,,,,,,,,,,,,,,,,,,,,,,,,,,,,,,,,,,,,
2019,2020,DC,District of Columbia,,,,,,,,,,,,,,,,,,,,,53.4,,,5.8,,,,,,,,,,,,,,,,,,,,,,,,,,,,,,,,,,,,,,,,,,,,,,,,,,,,,,,,,
2019,2020,DE,Delaware,,,,,,,,,,,,,,,,,,,,,44.5,,,10.1,,,,,,,,,,,,,,,,,,,,,,,,,,,,,,,,,,,,,,,,,,,,,,,,,,,,,,,,,
2019,2020,FL,Florida,,,,,,,,,,,,,,,,,,,,,45.2,22.5,24.1,10.0,,,,,,,,,,,,,,,,,,,,,,,,,,,,,,,,,,,,,,,,,,,,,,,,,,,,,,,,,
2019,2020,GA,Georgia,,,,,,,,,,,,,,,,,,,,,52.5,18.0,23.2,10.5,,,,,,,,,,,,,,,,,,,,,,,,,,,,,,,,,,,,,,,,,,,,,,,,,,,,,,,,,
2019,2020,HI,Hawaii,,,,,,,,,,,,,,,,,,,,,41.7,21.8,20.0,7.4,,,,,,,,,,,,,,,,,,,,,,,,,,,,,,,,,,,,,,,,,,,,,,,,,,,,,,,,,
2019,2020,IA,Iowa,,,,,,,,,,,,,,,,,,,,,41.2,,,10.0,,,,,,,,,,,,,,,,,,,,,,,,,,,,,,,,,,,,,,,,,,,,,,,,,,,,,,,,,
2019,2020,ID,Idaho,,,,,,,,,,,,,,,,,,,,,49.5,,,9.9,,,,,,,,,,,,,,,,,,,,,,,,,,,,,,,,,,,,,,,,,,,,,,,,,,,,,,,,,
2019,2020,IL,Illinois,,,,,,,,,,,,,,,,,,,,,43.8,,,6.9,,,,,,,,,,,,,,,,,,,,,,,,,,,,,,,,,,,,,,,,,,,,,,,,,,,,,,,,,
2019,2020,IN,Indiana,,,,,,,,,,,,,,,,,,,,,48.6,,,10.9,,,,,,,,,,,,,,,,,,,,,,,,,,,,,,,,,,,,,,,,,,,,,,,,,,,,,,,,,
2019,2020,KS,Kansas,,,,,,,,,,,,,,,,,,,,,47.9,,,11.3,,,,,,,,,,,,,,,,,,,,,,,,,,,,,,,,,,,,,,,,,,,,,,,,,,,,,,,,,
2019,2020,KY,Kentucky,,,,,,,,,,,,,,,,,,,,,39.1,,,10.6,,,,,,,,,,,,,,,,,,,,,,,,,,,,,,,,,,,,,,,,,,,,,,,,,,,,,,,,,
2019,2020,LA,Louisiana,,,,,,,,,,,,,,,,,,,,,45.9,,,13.8,,,,,,,,,,,,,,,,,,,,,,,,,,,,,,,,,,,,,,,,,,,,,,,,,,,,,,,,,
2019,2020,MD,Maryland,,,,,,,,,,,,,,,,,,,,,51.7,,,11.0,,,,,,,,,,,,,,,,,,,,,,,,,,,,,,,,,,,,,,,,,,,,,,,,,,,,,,,,,
2019,2020,ME,Maine,,,,,,,,,,,,,,,,,,,,,55.5,19.6,22.6,8.2,,,,,,,,,,,,,,,,,,,,,,,,,,,,,,,,,,,,,,,,,,,,,,,,,,,,,,,,,
2019,2020,MI,Michigan,,,,,,,,,,,,,,,,,,,,,57.0,,,11.0,,,,,,,,,,,,,,,,,,,,,,,,,,,,,,,,,,,,,,,,,,,,,,,,,,,,,,,,,
2019,2020,MN,Minnesota,,,,,,,,,,,,,,,,,,,,,41.8,,,7.6,,,,,,,,,,,,,,,,,,,,,,,,,,,,,,,,,,,,,,,,,,,,,,,,,,,,,,,,,
2019,2020,MO,Missouri,,,,,,,,,,,,,,,,,,,,,49.1,,,11.1,,,,,,,,,,,,,,,,,,,,,,,,,,,,,,,,,,,,,,,,,,,,,,,,,,,,,,,,,
2019,2020,MS,Mississippi,,,,,,,,,,,,,,,,,,,,,40.5,,,13.5,,,,,,,,,,,,,,,,,,,,,,,,,,,,,,,,,,,,,,,,,,,,,,,,,,,,,,,,,
2019,2020,NC,North Carolina,,,,,,,,,,,,,,,,,,,,,55.4,,,7.2,,,,,,,,,,,,,,,,,,,,,,,,,,,,,,,,,,,,,,,,,,,,,,,,,,,,,,,,,
2019,2020,ND,North Dakota,,,,,,,,,,,,,,,,,,,,,28.6,,,8.1,,,,,,,,,,,,,,,,,,,,,,,,,,,,,,,,,,,,,,,,,,,,,,,,,,,,,,,,,
2019,2020,NE,Nebraska,,,,,,,,,,,,,,,,,,,,,55.3,,,8.2,,,,,,,,,,,,,,,,,,,,,,,,,,,,,,,,,,,,,,,,,,,,,,,,,,,,,,,,,
2019,2020,NH,New Hampshire,,,,,,,,,,,,,,,,,,,,,50.4,,,7.4,,,,,,,,,,,,,,,,,,,,,,,,,,,,,,,,,,,,,,,,,,,,,,,,,,,,,,,,,
2019,2020,NM,New Mexico,,,,,,,,,,,,,,,,,,,,,45.1,,,12.0,,,,,,,,,,,,,,,,,,,,,,,,,,,,,,,,,,,,,,,,,,,,,,,,,,,,,,,,,
2019,2020,NV,Nevada,,,,,,,,,,,,,,,,,,,,,33.6,,,10.2,,,,,,,,,,,,,,,,,,,,,,,,,,,,,,,,,,,,,,,,,,,,,,,,,,,,,,,,,
2019,2020,NY,New York,,,,,,,,,,,,,,,,,,,,,41.2,21.4,23.6,6.4,,,,,,,,,,,,,,,,,,,,,,,,,,,,,,,,,,,,,,,,,,,,,,,,,,,,,,,,,
2019,2020,OH,Ohio,,,,,,,,,,,,,,,,,,,,,52.1,23.2,18.9,9.4,,,,,,,,,,,,,,,,,,,,,,,,,,,,,,,,,,,,,,,,,,,,,,,,,,,,,,,,,
2019,2020,OK,Oklahoma,,,,,,,,,,,,,,,,,,,,,51.6,,,14.1,,,,,,,,,,,,,,,,,,,,,,,,,,,,,,,,,,,,,,,,,,,,,,,,,,,,,,,,,
2019,2020,OR,Oregon,,,,,,,,,,,,,,,,,,,,,53.1,19.0,28.0,7.8,,,,,,,,,,,,,,,,,,,,,,,,,,,,,,,,,,,,,,,,,,,,,,,,,,,,,,,,,
2019,2020,PA,Pennsylvania,,,,,,,,,,,,,,,,,,,,,52.7,19.7,26.6,9.9,,,,,,,,,,,,,,,,,,,,,,,,,,,,,,,,,,,,,,,,,,,,,,,,,,,,,,,,,
2019,2020,PR,Puerto Rico,,,,,,,,,,,,,,,,,,,,,56.0,,,6.7,,,,,,,,,,,,,,,,,,,,,,,,,,,,,,,,,,,,,,,,,,,,,,,,,,,,,,,,,
2019,2020,RI,Rhode Island,,,,,,,,,,,,,,,,,,,,,59.0,,,9.5,,,,,,,,,,,,,,,,,,,,,,,,,,,,,,,,,,,,,,,,,,,,,,,,,,,,,,,,,
2019,2020,SC,South Carolina,,,,,,,,,,,,,,,,,,,,,50.8,,,12.4,,,,,,,,,,,,,,,,,,,,,,,,,,,,,,,,,,,,,,,,,,,,,,,,,,,,,,,,,
2019,2020,SD,South Dakota,,,,,,,,,,,,,,,,,,,,,39.1,,,9.3,,,,,,,,,,,,,,,,,,,,,,,,,,,,,,,,,,,,,,,,,,,,,,,,,,,,,,,,,
2019,2020,TN,Tennessee,,,,,,,,,,,,,,,,,,,,,43.1,25.0,27.5,13.7,,,,,,,,,,,,,,,,,,,,,,,,,,,,,,,,,,,,,,,,,,,,,,,,,,,,,,,,,
2019,2020,TX,Texas,,,,,,,,,,,,,,,,,,,,,28.9,24.2,27.6,12.5,,,,,,,,,,,,,,,,,,,,,,,,,,,,,,,,,,,,,,,,,,,,,,,,,,,,,,,,,
2019,2020,US,United States,,,,,,,,,,,,,,,,,,,,,50.6,24.6,24.9,10.1,,,,,,,,,,,,,,,,,,,,,,,,,,,,,,,,,,,,,,,,,,,,,,,,,,,,,,,,,
2019,2020,UT,Utah,,,,,,,,,,,,,,,,,,,,,44.4,15.7,16.8,7.5,,,,,,,,,,,,,,,,,,,,,,,,,,,,,,,,,,,,,,,,,,,,,,,,,,,,,,,,,
2019,2020,VA,Virginia,,,,,,,,,,,,,,,,,,,,,50.2,21.5,26.8,9.3,,,,,,,,,,,,,,,,,,,,,,,,,,,,,,,,,,,,,,,,,,,,,,,,,,,,,,,,,
2019,2020,VT,Vermont,,,,,,,,,,,,,,,,,,,,,54.9,,,7.5,,,,,,,,,,,,,,,,,,,,,,,,,,,,,,,,,,,,,,,,,,,,,,,,,,,,,,,,,
2019,2020,WA,Washington,,,,,,,,,,,,,,,,,,,,,47.8,,,11.6,,,,,,,,,,,,,,,,,,,,,,,,,,,,,,,,,,,,,,,,,,,,,,,,,,,,,,,,,
2019,2020,WI,Wisconsin,,,,,,,,,,,,,,,,,,,,,45.6,,,10.6,,,,,,,,,,,,,,,,,,,,,,,,,,,,,,,,,,,,,,,,,,,,,,,,,,,,,,,,,
2019,2020,WV,West Virginia,,,,,,,,,,,,,,,,,,,,,54.8,19.9,26.1,15.5,,,,,,,,,,,,,,,,,,,,,,,,,,,,,,,,,,,,,,,,,,,,,,,,,,,,,,,,,
2019,2020,WY,Wyoming,,,,,,,,,,,,,,,,,,,,,31.7,,,6.6,,,,,,,,,,,,,,,,,,,,,,,,,,,,,,,,,,,,,,,,,,,,,,,,,,,,,,,,,
2019,2021,AK,Alaska,,,,,,,,,,,,,,,,,,,,,,,,,,,,,,,,,,,,,,,,,,,,,,,,,,,,,,,,,,,,,,,,9.5,,,,,,,,,,,,,,,,,
2019,2021,AL,Alabama,,,,,,,,,,,,,,,,,,,,,,,,,,,,,,,,,,,,,,,,,,,,,,,,,,,,,,,,,,,,,,,,13.1,,,,,,,,,,,,,,,,,
2019,2021,AR,Arkansas,,,,,,,,,,,,,,,,,,,,,,,,,,,,,,,,,,,,,,,,,,,,,,,,,,,,,,,,,,,,,,,,15.0,,,,,,,,,,,,,,,,,
2019,2021,AZ,Arizona,,,,,,,,,,,,,,,,,,,,,,,,,,,,,,,,,,,,,,,,,,,,,,,,,,,,,,,,,,,,,,,,10.1,,,,,,,,,,,,,,,,,
2019,2021,CA,California,,,,,,,,,,,,,,,,,,,,,,,,,,,,,,,,,,,,,,,,,,,,,,,,,,,,,,,,,,,,,,,,9.6,,,,,,,,,,,,,,,,,
2019,2021,CO,Colorado,,,,,,,,,,,,,,,,,,,,,,,,,,,,,,,,,,,,,,,,,,,,,,,,,,,,,,,,,,,,,,,,10.5,,,,,,,,,,,,,,,,,
2019,2021,CT,Connecticut,,,,,,,,,,,,,,,,,,,,,,,,,,,,,,,,,,,,,,,,,,,,,,,,,,,,,,,,,,,,,,,,9.6,,,,,,,,,,,,,,,,,
2019,2021,DC,District of Columbia,,,,,,,,,,,,,,,,,,,,,,,,,,,,,,,,,,,,,,,,,,,,,,,,,,,,,,,,,,,,,,,,9.0,,,,,,,,,,,,,,,,,
2019,2021,DE,Delaware,,,,,,,,,,,,,,,,,,,,,,,,,,,,,,,,,,,,,,,,,,,,,,,,,,,,,,,,,,,,,,,,11.2,,,,,,,,,,,,,,,,,
2019,2021,FL,Florida,,,,,,,,,,,,,,,,,,,,,,,,,,,,,,,,,,,,,,,,,,,,,,,,,,,,,,,,,,,,,,,,9.9,,,,,,,,,,,,,,,,,
2019,2021,GA,Georgia,,,,,,,,,,,,,,,,,,,,,,,,,,,,,,,,,,,,,,,,,,,,,,,,,,,,,,,,,,,,,,,,9.9,,,,,,,,,,,,,,,,,
2019,2021,HI,Hawaii,,,,,,,,,,,,,,,,,,,,,,,,,,,,,,,,,,,,,,,,,,,,,,,,,,,,,,,,,,,,,,,,9.1,,,,,,,,,,,,,,,,,
2019,2021,IA,Iowa,,,,,,,,,,,,,,,,,,,,,,,,,,,,,,,,,,,,,,,,,,,,,,,,,,,,,,,,,,,,,,,,7.0,,,,,,,,,,,,,,,,,
2019,2021,ID,Idaho,,,,,,,,,,,,,,,,,,,,,,,,,,,,,,,,,,,,,,,,,,,,,,,,,,,,,,,,,,,,,,,,9.8,,,,,,,,,,,,,,,,,
2019,2021,IL,Illinois,,,,,,,,,,,,,,,,,,,,,,,,,,,,,,,,,,,,,,,,,,,,,,,,,,,,,,,,,,,,,,,,9.4,,,,,,,,,,,,,,,,,
2019,2021,IN,Indiana,,,,,,,,,,,,,,,,,,,,,,,,,,,,,,,,,,,,,,,,,,,,,,,,,,,,,,,,,,,,,,,,9.7,,,,,,,,,,,,,,,,,
2019,2021,KS,Kansas,,,,,,,,,,,,,,,,,,,,,,,,,,,,,,,,,,,,,,,,,,,,,,,,,,,,,,,,,,,,,,,,10.2,,,,,,,,,,,,,,,,,
2019,2021,KY,Kentucky,,,,,,,,,,,,,,,,,,,,,,,,,,,,,,,,,,,,,,,,,,,,,,,,,,,,,,,,,,,,,,,,12.3,,,,,,,,,,,,,,,,,
2019,2021,LA,Louisiana,,,,,,,,,,,,,,,,,,,,,,,,,,,,,,,,,,,,,,,,,,,,,,,,,,,,,,,,,,,,,,,,14.5,,,,,,,,,,,,,,,,,
2019,2021,MA,Massachusetts,,,,,,,,,,,,,,,,,,,,,,,,,,,,,,,,,,,,,,,,,,,,,,,,,,,,,,,,,,,,,,,,8.4,,,,,,,,,,,,,,,,,
2019,2021,MD,Maryland,,,,,,,,,,,,,,,,,,,,,,,,,,,,,,,,,,,,,,,,,,,,,,,,,,,,,,,,,,,,,,,,8.7,,,,,,,,,,,,,,,,,
2019,2021,ME,Maine,,,,,,,,,,,,,,,,,,,,,,,,,,,,,,,,,,,,,,,,,,,,,,,,,,,,,,,,,,,,,,,,9.5,,,,,,,,,,,,,,,,,
2019,2021,MI,Michigan,,,,,,,,,,,,,,,,,,,,,,,,,,,,,,,,,,,,,,,,,,,,,,,,,,,,,,,,,,,,,,,,11.4,,,,,,,,,,,,,,,,,
2019,2021,MN,Minnesota,,,,,,,,,,,,,,,,,,,,,,,,,,,,,,,,,,,,,,,,,,,,,,,,,,,,,,,,,,,,,,,,7.4,,,,,,,,,,,,,,,,,
2019,2021,MO,Missouri,,,,,,,,,,,,,,,,,,,,,,,,,,,,,,,,,,,,,,,,,,,,,,,,,,,,,,,,,,,,,,,,12.0,,,,,,,,,,,,,,,,,
2019,2021,MS,Mississippi,,,,,,,,,,,,,,,,,,,,,,,,,,,,,,,,,,,,,,,,,,,,,,,,,,,,,,,,,,,,,,,,15.3,,,,,,,,,,,,,,,,,
2019,2021,MT,Montana,,,,,,,,,,,,,,,,,,,,,,,,,,,,,,,,,,,,,,,,,,,,,,,,,,,,,,,,,,,,,,,,10.4,,,,,,,,,,,,,,,,,
2019,2021,NC,North Carolina,,,,,,,,,,,,,,,,,,,,,,,,,,,,,,,,,,,,,,,,,,,,,,,,,,,,,,,,,,,,,,,,10.9,,,,,,,,,,,,,,,,,
2019,2021,ND,North Dakota,,,,,,,,,,,,,,,,,,,,,,,,,,,,,,,,,,,,,,,,,,,,,,,,,,,,,,,,,,,,,,,,7.7,,,,,,,,,,,,,,,,,
2019,2021,NE,Nebraska,,,,,,,,,,,,,,,,,,,,,,,,,,,,,,,,,,,,,,,,,,,,,,,,,,,,,,,,,,,,,,,,10.6,,,,,,,,,,,,,,,,,
2019,2021,NH,New Hampshire,,,,,,,,,,,,,,,,,,,,,,,,,,,,,,,,,,,,,,,,,,,,,,,,,,,,,,,,,,,,,,,,5.4,,,,,,,,,,,,,,,,,
2019,2021,NJ,New Jersey,,,,,,,,,,,,,,,,,,,,,,,,,,,,,,,,,,,,,,,,,,,,,,,,,,,,,,,,,,,,,,,,8.3,,,,,,,,,,,,,,,,,
2019,2021,NM,New Mexico,,,,,,,,,,,,,,,,,,,,,,,,,,,,,,,,,,,,,,,,,,,,,,,,,,,,,,,,,,,,,,,,11.5,,,,,,,,,,,,,,,,,
2019,2021,NV,Nevada,,,,,,,,,,,,,,,,,,,,,,,,,,,,,,,,,,,,,,,,,,,,,,,,,,,,,,,,,,,,,,,,10.2,,,,,,,,,,,,,,,,,
2019,2021,NY,New York,,,,,,,,,,,,,,,,,,,,,,,,,,,,,,,,,,,,,,,,,,,,,,,,,,,,,,,,,,,,,,,,10.3,,,,,,,,,,,,,,,,,
2019,2021,OH,Ohio,,,,,,,,,,,,,,,,,,,,,,,,,,,,,,,,,,,,,,,,,,,,,,,,,,,,,,,,,,,,,,,,10.8,,,,,,,,,,,,,,,,,
2019,2021,OK,Oklahoma,,,,,,,,,,,,,,,,,,,,,,,,,,,,,,,,,,,,,,,,,,,,,,,,,,,,,,,,,,,,,,,,13.8,,,,,,,,,,,,,,,,,
2019,2021,OR,Oregon,,,,,,,,,,,,,,,,,,,,,,,,,,,,,,,,,,,,,,,,,,,,,,,,,,,,,,,,,,,,,,,,10.3,,,,,,,,,,,,,,,,,
2019,2021,PA,Pennsylvania,,,,,,,,,,,,,,,,,,,,,,,,,,,,,,,,,,,,,,,,,,,,,,,,,,,,,,,,,,,,,,,,9.2,,,,,,,,,,,,,,,,,
2019,2021,RI,Rhode Island,,,,,,,,,,,,,,,,,,,,,,,,,,,,,,,,,,,,,,,,,,,,,,,,,,,,,,,,,,,,,,,,8.4,,,,,,,,,,,,,,,,,
2019,2021,SC,South Carolina,,,,,,,,,,,,,,,,,,,,,,,,,,,,,,,,,,,,,,,,,,,,,,,,,,,,,,,,,,,,,,,,12.6,,,,,,,,,,,,,,,,,
2019,2021,SD,South Dakota,,,,,,,,,,,,,,,,,,,,,,,,,,,,,,,,,,,,,,,,,,,,,,,,,,,,,,,,,,,,,,,,8.7,,,,,,,,,,,,,,,,,
2019,2021,TN,Tennessee,,,,,,,,,,,,,,,,,,,,,,,,,,,,,,,,,,,,,,,,,,,,,,,,,,,,,,,,,,,,,,,,11.2,,,,,,,,,,,,,,,,,
2019,2021,TX,Texas,,,,,,,,,,,,,,,,,,,,,,,,,,,,,,,,,,,,,,,,,,,,,,,,,,,,,,,,,,,,,,,,13.7,,,,,,,,,,,,,,,,,
2019,2021,US,United States,,,,,,,,,,,,,,,,,,,,,,,,,,,,,,,,,,,,,,,,,,,,,,,,,,,,,,,,,,,,,,,,10.4,,,,,,,,,,,,,,,,,
2019,2021,UT,Utah,,,,,,,,,,,,,,,,,,,,,,,,,,,,,,,,,,,,,,,,,,,,,,,,,,,,,,,,,,,,,,,,11.2,,,,,,,,,,,,,,,,,
2019,2021,VA,Virginia,,,,,,,,,,,,,,,,,,,,,,,,,,,,,,,,,,,,,,,,,,,,,,,,,,,,,,,,,,,,,,,,7.8,,,,,,,,,,,,,,,,,
2019,2021,VT,Vermont,,,,,,,,,,,,,,,,,,,,,,,,,,,,,,,,,,,,,,,,,,,,,,,,,,,,,,,,,,,,,,,,7.9,,,,,,,,,,,,,,,,,
2019,2021,WA,Washington,,,,,,,,,,,,,,,,,,,,,,,,,,,,,,,,,,,,,,,,,,,,,,,,,,,,,,,,,,,,,,,,7.9,,,,,,,,,,,,,,,,,
2019,2021,WI,Wisconsin,,,,,,,,,,,,,,,,,,,,,,,,,,,,,,,,,,,,,,,,,,,,,,,,,,,,,,,,,,,,,,,,9.9,,,,,,,,,,,,,,,,,
2019,2021,WV,West Virginia,,,,,,,,,,,,,,,,,,,,,,,,,,,,,,,,,,,,,,,,,,,,,,,,,,,,,,,,,,,,,,,,14.0,,,,,,,,,,,,,,,,,
2019,2021,WY,Wyoming,,,,,,,,,,,,,,,,,,,,,,,,,,,,,,,,,,,,,,,,,,,,,,,,,,,,,,,,,,,,,,,,11.2,,,,,,,,,,,,,,,,,
2020,2020,AK,Alaska,,22.1,,,,,,,,,16.2,73.3,66.8,69.7,,,,,5.1,28.7,,,,,8.8,17.1,19.9,13.4,13.5,8.8,38.7,49.0,24.4,56.9,91.2,,9.4,13.1,19.1,,,,,,,52.1,31.2,,,18.3,14.1,35.9,,10.7,67.5,41.6,,56.4,67.9,,34.2,,,,80.0,72.2,,13.3,,,,,69.7,,,28.1,21.7,,,,24.8
2020,2020,AL,Alabama,,8.7,,,,,,,,,23.7,85.7,73.6,87.1,,,,,10.7,48.3,,,,,15.7,8.0,33.6,24.2,32.2,15.9,34.4,45.6,27.5,69.6,91.1,,16.1,17.5,21.3,,,,,,,26.0,19.8,,,23.2,13.2,44.9,,24.3,49.3,41.5,,43.0,62.9,,38.4,,,,43.2,47.2,,15.0,,,,,58.0,,,10.4,20.5,,,,60.7
2020,2020,AR,Arkansas,,13.7,,,,,,,,,9.6,81.0,64.2,74.2,,,,,7.9,51.1,,,,,16.2,10.4,22.4,21.7,30.9,8.3,45.8,54.2,25.6,73.9,82.0,,25.4,18.4,31.3,,,,,,,26.7,19.8,,,29.1,19.1,24.7,,21.5,58.3,16.0,,43.9,56.3,,42.7,,,,99.4,86.6,,9.8,,,,,58.2,,,10.3,22.1,,,,51.9
2020,2020,AZ,Arizona,,4.3,,,,,,,,,20.8,76.3,45.7,74.0,,,,,8.1,26.3,,,,,21.4,11.1,40.3,4.4,14.3,14.8,41.3,37.0,26.1,74.7,89.7,,20.1,17.7,13.0,,,,,,,36.8,25.5,,,20.4,9.2,44.0,,35.4,68.6,56.8,,28.9,61.2,,32.7,,,,97.6,92.8,,12.0,,,,,74.7,,,10.1,20.7,,,,61.6
2020,2020,CA,California,,16.0,,,,,,,,,13.2,82.9,40.2,76.4,,,,,5.4,17.9,,,,,23.5,,37.6,15.9,16.5,16.3,55.2,37.3,24.0,73.1,,,14.1,14.5,,,,,,,,47.7,33.4,,,15.5,16.4,30.7,,9.9,76.6,,,22.8,73.2,,43.4,,,,,,,25.2,,,,,64.6,,,,19.1,,,,67.0
2020,2020,CO,Colorado,,21.0,,,,,,,,,8.0,82.6,59.7,72.7,,,,,5.0,22.3,,,,,1.8,14.2,16.3,35.0,11.3,10.1,40.8,49.4,27.6,56.7,88.5,,18.5,11.4,10.1,,,,,,,42.6,28.7,,,15.2,6.9,22.2,,8.0,72.5,48.7,,24.1,70.1,,27.3,,,,80.4,95.1,,9.8,,,,,60.3,,,4.4,19.3,,,,60.3
2020,2020,CT,Connecticut,,11.2,,,,,,,,,10.9,87.3,69.3,81.6,,,,,5.9,27.0,,,,,2.9,13.4,21.6,35.5,12.4,9.7,49.4,59.6,25.8,70.8,92.2,,16.8,11.5,11.3,,,,,,,37.0,19.4,,,25.1,16.5,27.6,,9.3,72.1,50.8,,25.5,69.6,,34.0,,,,100.0,100.0,,14.7,,,,,82.8,,,2.0,11.8,,,,67.8
2020,2020,DC,District of Columbia,,24.8,,,,,,,,,8.4,86.6,74.5,83.5,,,,,6.9,36.1,,,,,12.2,5.6,21.3,10.0,3.5,3.8,68.7,57.0,30.5,63.4,90.0,,20.8,12.2,17.9,,,,,,,40.0,28.1,,,21.2,18.7,24.2,,10.3,84.9,41.6,,32.6,64.9,,30.2,,,,96.8,98.5,,6.7,,,,,82.5,,,4.4,11.5,,,,64.7
2020,2020,DE,Delaware,,12.3,,,,,,,,,7.6,83.2,39.7,77.6,,,,,6.2,33.0,,,,,14.3,18.0,38.5,4.6,19.3,10.2,51.5,32.3,38.0,73.9,92.2,,9.5,12.6,5.7,,,,,,,27.5,21.9,,,22.7,14.8,40.9,,12.8,65.9,28.9,,26.9,73.9,,39.6,,,,100.0,64.8,,9.4,,,,,76.5,,,1.8,9.8,,,,57.5
2020,2020,FL,Florida,,17.6,,,,,,,,,9.8,81.6,67.0,79.2,,,,,4.5,34.0,,,,,,11.3,26.6,29.9,16.9,12.0,41.1,33.8,44.9,67.4,86.4,,12.5,13.1,19.1,,,,,,,34.8,22.2,,,23.5,13.1,32.9,,12.6,45.5,39.5,,33.0,58.8,,29.8,,,,90.8,68.3,,22.5,,,,,93.5,,,3.6,26.7,,,,48.9
2020,2020,GA,Georgia,,12.0,,,,,,,,,8.9,40.8,63.5,81.4,,,,,8.0,40.3,,,,,3.9,4.6,41.2,4.3,14.8,11.2,37.7,49.0,19.9,71.2,93.1,,12.7,8.6,9.8,,,,,,,23.4,15.9,,,28.8,19.6,32.6,,23.1,33.7,35.1,,43.6,61.7,,41.1,,,,90.3,74.2,,49.1,,,,,70.8,,,0.2,15.8,,,,58.2
2020,2020,GU,Guam,,8.0,,,,,,,,,5.0,71.1,41.0,76.8,,,,,4.4,30.6,,,,,11.7,,22.1,7.0,21.3,5.9,52.6,28.8,14.6,31.4,,,7.9,5.5,,,,,,,,,,,,30.3,8.7,36.0,,,56.1,,,40.7,53.3,,48.0,,,,,,,20.7,,,,,71.9,,,,19.1,,,,64.3
2020,2020,HI,Hawaii,,20.5,,,,,,,,,11.5,80.6,71.3,88.8,,,,,4.3,16.7,,,,,12.2,12.6,25.1,13.9,11.1,4.5,54.8,54.8,23.2,57.6,92.4,,13.6,10.4,11.7,,,,,,,47.3,26.6,,,16.6,4.8,29.3,,5.5,66.0,37.7,,19.1,79.8,,40.9,,,,84.7,98.2,,8.2,,,,,81.6,,,3.1,12.1,,,,58.8
2020,2020,IA,Iowa,,19.5,,,,,,,,,9.8,84.8,64.4,72.6,,,,,2.1,49.4,,,,,18.7,4.0,16.5,8.1,14.4,9.0,35.0,45.2,32.6,75.3,84.0,,15.3,17.1,7.9,,,,,,,36.6,25.0,,,18.3,20.0,49.4,,10.6,70.4,59.5,,33.2,65.6,,31.8,,,,93.2,86.4,,7.1,,,,,63.5,,,7.2,11.7,,,,50.0
2020,2020,ID,Idaho,,14.2,,,,,,,,,10.4,77.6,60.5,71.6,,,,,12.0,29.5,,,,,12.6,,22.5,15.6,7.2,12.9,42.7,49.8,27.6,68.8,,,12.9,10.6,,,,,,,,40.4,31.1,,,22.9,10.5,36.8,,12.0,79.0,,,27.7,69.3,,32.6,,,,,,,20.6,,,,,72.2,,,,13.0,,,,52.5
2020,2020,IL,Illinois,,14.0,,,,,,,,,9.0,66.7,56.0,77.3,,,,,7.0,44.9,,,,,14.6,9.6,26.4,4.3,22.8,13.1,49.2,53.9,27.4,64.7,94.0,,18.0,11.5,11.7,,,,,,,34.9,26.1,,,35.2,13.0,39.8,,13.3,77.7,33.0,,27.3,71.2,,46.8,,,,98.7,89.7,,11.9,,,,,81.4,,,0.0,9.6,,,,65.5
2020,2020,IN,Indiana,,17.8,,,,,,,,,11.5,81.2,59.9,73.3,,,,,8.3,42.1,,,,,15.9,,26.0,18.9,15.5,15.2,39.3,39.1,27.0,60.7,,,17.5,13.8,,,,,,,,27.6,22.9,,,26.3,10.8,38.1,,18.2,73.8,,,36.8,63.9,,39.4,,,,,,,16.5,,,,,91.0,,,,27.4,,,,44.5
2020,2020,KS,Kansas,,22.0,,,,,,,,,13.5,88.3,64.1,73.3,,,,,6.4,24.8,,,,,10.9,13.9,19.6,21.0,25.5,12.0,50.4,33.4,21.3,54.3,91.5,,19.2,7.1,15.6,,,,,,,36.4,22.2,,,29.9,15.1,34.8,,12.1,52.8,53.3,,30.3,67.3,,37.6,,,,70.0,87.6,,21.8,,,,,64.3,,,8.6,15.1,,,,53.7
2020,2020,KY,Kentucky,,4.0,,,,,,,,,11.2,83.8,72.1,76.5,,,,,16.9,43.1,,,,,14.4,9.9,52.8,25.3,21.0,16.4,41.6,48.3,35.0,74.4,87.7,,43.8,18.0,11.5,,,,,,,31.1,19.9,,,39.3,21.5,34.9,,22.4,71.3,41.5,,43.4,57.2,,40.4,,,,76.5,50.7,,10.2,,,,,63.3,,,15.1,21.4,,,,47.5
2020,2020,LA,Louisiana,,18.6,,,,,,,,,7.3,82.2,66.7,86.8,,,,,9.9,39.2,,,,,13.9,9.0,33.7,15.9,19.8,12.4,31.0,46.5,32.7,72.6,75.8,,30.0,9.6,18.8,,,,,,,24.1,19.5,,,32.9,20.1,38.1,,19.9,62.4,37.4,,33.7,58.5,,36.5,,,,47.5,90.7,,11.7,,,,,80.8,,,7.5,19.8,,,,57.1
2020,2020,MA,Massachusetts,,20.3,,,,,,,,,11.2,82.6,61.6,87.1,,,,,4.3,30.0,,,,,5.0,11.4,23.2,15.1,14.0,8.5,50.5,60.2,27.2,70.1,83.6,,22.7,17.0,10.0,,,,,,,44.7,25.0,,,23.7,17.1,27.9,,11.3,81.6,55.8,,31.0,64.4,,43.0,,,,100.0,96.8,,8.3,,,,,80.8,,,3.9,9.5,,,,57.5
2020,2020,MD,Maryland,,10.5,,,,,,,,,7.1,71.5,68.6,80.9,,,,,4.3,38.2,,,,,12.3,20.0,21.2,4.1,12.4,4.9,57.9,46.2,31.4,69.5,87.2,,18.9,9.3,14.3,,,,,,,42.3,22.7,,,17.4,17.0,31.0,,8.3,67.2,40.7,,26.4,69.5,,36.0,,,,99.4,84.1,,14.5,,,,,76.2,,,0.0,12.2,,,,50.7
2020,2020,ME,Maine,,22.7,,,,,,,,,12.4,85.4,73.0,82.5,,,,,9.7,20.8,,,,,8.6,10.3,29.5,39.9,18.3,10.3,41.4,54.2,31.3,68.9,76.8,,22.7,9.4,11.6,,,,,,,41.9,32.4,,,21.5,14.8,31.5,,16.6,62.6,17.7,,34.6,32.6,,32.2,,,,93.8,89.4,,13.7,,,,,69.1,,,0.9,16.5,,,,48.2
2020,2020,MI,Michigan,,5.6,,,,,,,,,15.3,90.5,70.1,78.2,,,,,15.5,36.4,,,,,16.6,8.8,20.5,11.9,21.9,6.9,35.6,51.1,33.4,71.7,92.7,,25.0,13.8,16.1,,,,,,,35.4,23.9,,,19.2,13.1,46.7,,14.6,71.0,32.4,,31.4,60.9,,43.3,,,,97.6,95.7,,9.7,,,,,72.8,,,3.1,17.1,,,,56.2
2020,2020,MN,Minnesota,,13.7,,,,,,,,,9.2,82.2,42.6,66.0,,,,,10.9,37.2,,,,,4.4,10.9,15.1,3.6,7.7,6.9,50.6,49.8,25.7,73.2,85.9,,20.8,12.0,12.9,,,,,,,50.1,32.5,,,19.1,14.8,15.2,,8.9,80.1,56.0,,22.8,69.6,,25.5,,,,86.8,96.0,,11.8,,,,,63.3,,,4.1,6.5,,,,48.9
2020,2020,MO,Missouri,,24.5,,,,,,,,,10.0,84.6,62.4,86.6,,,,,10.5,37.3,,,,,3.0,7.3,32.0,41.7,15.2,14.4,26.3,49.2,37.1,73.7,72.9,,17.2,19.2,13.6,,,,,,,36.5,27.3,,,17.1,12.7,39.8,,17.6,47.4,27.8,,35.3,47.3,,33.8,,,,92.1,83.3,,21.9,,,,,78.4,,,6.5,20.0,,,,52.4
2020,2020,MS,Mississippi,,3.2,,,,,,,,,8.8,86.9,63.7,81.8,,,,,9.8,39.4,,,,,16.2,10.5,37.5,23.1,21.4,9.0,29.1,35.0,28.6,72.1,86.9,,26.4,17.4,21.7,,,,,,,26.5,18.3,,,25.6,13.4,48.0,,25.1,55.8,31.3,,42.0,60.0,,32.7,,,,91.0,77.7,,17.9,,,,,76.2,,,12.8,23.4,,,,55.4
2020,2020,MT,Montana,,14.7,,,,,,,,,10.8,81.9,62.1,65.6,,,,,6.5,31.1,,,,,16.9,14.9,28.6,16.7,22.9,14.1,47.7,56.3,40.9,63.3,72.7,,29.5,11.1,13.5,,,,,,,41.1,31.2,,,23.8,10.8,31.9,,36.2,66.0,30.9,,32.5,58.7,,31.6,,,,95.9,87.9,,8.4,,,,,70.9,,,11.3,14.4,,,,32.8
2020,2020,NC,North Carolina,,4.0,,,,,,,,,8.5,86.5,67.7,79.9,,,,,5.9,41.1,,,,,11.8,,26.4,42.4,14.5,16.4,32.3,38.7,16.6,76.4,,,11.0,11.6,,,,,,,,31.3,23.1,,,22.0,12.0,31.3,,15.2,48.9,,,34.2,65.1,,19.6,,,,,,,17.2,,,,,94.4,,,,17.1,,,,53.1
2020,2020,ND,North Dakota,,17.7,,,,,,,,,8.8,82.3,66.7,78.8,,,,,11.1,42.5,,,,,3.0,10.7,35.4,5.1,11.3,12.2,46.5,50.6,34.9,70.7,89.3,,26.1,10.5,19.6,,,,,,,30.2,28.4,,,24.1,25.9,34.5,,10.5,73.0,26.9,,30.5,62.7,,34.1,,,,74.3,94.7,,11.4,,,,,69.8,,,6.0,24.5,,,,45.8
2020,2020,NE,Nebraska,,14.4,,,,,,,,,8.2,78.1,40.7,76.4,,,,,10.0,40.6,,,,,22.4,17.2,21.9,16.2,18.7,11.9,71.7,54.6,26.2,75.2,85.3,,17.7,11.5,21.3,,,,,,,39.9,29.4,,,16.6,18.2,33.3,,11.7,71.9,28.9,,47.7,71.0,,29.5,,,,72.9,83.4,,9.5,,,,,62.9,,,12.2,14.9,,,,52.7
2020,2020,NH,New Hampshire,,16.6,,,,,,,,,12.0,86.7,71.2,78.5,,,,,6.6,38.6,,,,,7.6,9.2,22.2,35.1,11.4,9.4,51.2,57.6,39.8,71.1,90.3,,44.7,12.4,0.7,,,,,,,40.3,33.9,,,19.5,15.5,35.0,,9.9,68.9,55.3,,28.2,62.9,,30.6,,,,97.3,93.5,,14.1,,,,,77.6,,,5.9,15.1,,,,47.2
2020,2020,NJ,New Jersey,,5.5,,,,,,,,,9.5,87.6,65.9,76.3,,,,,10.1,34.2,,,,,12.5,11.4,23.2,3.5,11.0,9.1,45.8,40.9,28.8,62.1,84.9,,14.2,11.6,10.3,,,,,,,38.7,25.1,,,24.8,11.7,32.0,,10.4,60.4,24.1,,31.1,69.4,,31.5,,,,96.4,87.6,,15.1,,,,,79.1,,,2.7,15.4,,,,59.8
2020,2020,NM,New Mexico,,16.4,,,,,,,,,10.5,76.4,63.2,77.7,,,,,5.1,31.5,,,,,19.1,6.2,25.6,15.3,11.4,10.7,50.9,46.0,29.6,75.2,86.2,,12.5,14.9,14.3,,,,,,,44.8,33.1,,,26.6,18.8,30.9,,13.6,46.8,49.5,,31.2,68.4,,31.7,,,,97.8,86.0,,7.2,,,,,62.9,,,5.5,18.9,,,,52.0
2020,2020,NV,Nevada,,4.9,,,,,,,,,8.0,82.9,61.6,72.3,,,,,16.5,32.2,,,,,11.5,,33.7,17.7,21.0,14.0,62.1,42.4,28.2,70.5,,,17.6,15.8,,,,,,,,31.5,24.5,,,22.4,9.5,31.3,,12.8,63.2,,,23.4,60.1,,32.7,,,,,,,18.7,,,,,57.8,,,,12.5,,,,57.1
2020,2020,NY,New York,,4.9,,,,,,,,,10.2,87.6,69.0,77.2,,,,,6.0,36.4,,,,,9.5,28.8,16.0,16.3,14.0,8.9,65.7,53.3,24.8,51.7,77.6,,8.8,11.2,9.1,,,,,,,38.2,21.6,,,32.3,13.1,35.1,,17.7,61.0,26.3,,38.3,56.0,,35.5,,,,99.7,76.3,,7.1,,,,,75.5,,,0.1,15.3,,,,58.2
2020,2020,OH,Ohio,,20.1,,,,,,,,,7.6,90.2,69.0,78.4,,,,,2.7,43.7,,,,,15.9,,15.4,18.9,10.1,24.9,34.8,47.7,29.3,76.3,,,32.5,19.8,,,,,,,,34.6,23.8,,,35.2,13.3,32.6,,15.5,64.8,,,54.3,63.2,,35.6,,,,,,,11.5,,,,,77.3,,,,19.3,,,,54.5
2020,2020,OK,Oklahoma,,7.8,,,,,,,,,12.5,81.3,62.1,70.4,,,,,11.8,30.9,,,,,13.5,,23.9,17.6,24.4,10.4,37.9,41.8,33.3,68.1,,,23.4,17.2,,,,,,,,28.5,22.3,,,28.0,11.9,34.3,,22.3,59.3,,,53.6,59.9,,35.0,,,,,,,16.6,,,,,76.1,,,,19.8,,,,55.9
2020,2020,OR,Oregon,,23.6,,,,,,,,,11.4,84.3,68.9,78.7,,,,,6.3,39.2,,,,,13.3,11.3,26.0,7.1,15.6,10.3,40.8,50.2,39.4,73.0,76.7,,16.6,13.9,20.5,,,,,,,45.0,31.9,,,19.6,16.0,35.5,,11.4,63.9,19.0,,30.5,62.5,,23.4,,,,88.7,89.7,,14.0,,,,,75.7,,,1.7,14.6,,,,46.7
2020,2020,PA,Pennsylvania,,16.8,,,,,,,,,9.9,91.3,53.5,78.9,,,,,13.3,37.6,,,,,21.5,9.6,25.6,21.2,15.8,12.4,50.1,48.6,33.6,71.6,90.2,,14.0,18.2,11.5,,,,,,,35.1,23.2,,,29.6,12.5,39.1,,15.5,67.3,31.0,,37.3,67.8,,35.5,,,,97.6,85.1,,11.2,,,,,79.2,,,9.3,15.8,,,,49.7
2020,2020,PR,Puerto Rico,,16.6,,,,,,,,,10.6,82.5,72.0,83.3,,,,,5.4,16.1,,,,,16.6,7.9,65.1,18.9,26.8,12.0,25.4,20.8,17.3,31.0,81.0,,15.9,11.1,11.3,,,,,,,44.7,39.1,,,39.8,12.0,24.1,,16.8,49.9,48.9,,49.6,54.4,,39.2,,,,99.1,94.5,,5.9,,,,,75.9,,,1.2,6.2,,,,57.9
2020,2020,RI,Rhode Island,,13.2,,,,,,,,,12.7,88.9,71.7,85.7,,,,,6.9,37.2,,,,,9.9,,22.1,11.4,14.7,9.0,46.1,63.7,30.4,76.9,,,23.4,13.3,,,,,,,,39.5,23.9,,,20.3,8.4,35.2,,11.6,54.2,,,28.7,60.6,,31.6,,,,,,,10.7,,,,,86.5,,,,13.5,,,,61.0
2020,2020,SC,South Carolina,,21.0,,,,,,,,,9.9,80.9,67.7,82.1,,,,,9.3,37.3,,,,,17.3,,32.9,6.3,22.5,11.8,65.5,37.1,34.3,58.2,,,24.4,18.5,,,,,,,,34.2,27.9,,,23.9,18.1,36.2,,22.5,62.0,,,31.5,70.9,,36.8,,,,,,,21.4,,,,,71.8,,,,10.0,,,,58.3
2020,2020,SD,South Dakota,,24.0,,,,,,,,,6.1,86.3,69.5,57.3,,,,,6.2,50.9,,,,,16.0,11.0,23.3,15.2,10.9,12.4,52.4,48.5,21.1,75.0,94.4,,10.2,5.1,13.7,,,,,,,41.0,31.1,,,29.2,15.3,32.4,,14.9,53.9,22.6,,31.1,68.7,,26.2,,,,85.7,85.1,,9.9,,,,,79.7,,,0.0,17.9,,,,61.8
2020,2020,TN,Tennessee,,13.6,,,,,,,,,10.1,83.7,70.0,79.1,,,,,3.1,49.3,,,,,13.8,9.5,32.2,28.4,16.9,10.3,28.0,45.5,24.9,70.2,88.7,,26.2,15.6,12.3,,,,,,,34.7,22.6,,,29.9,14.1,42.4,,19.4,63.6,27.2,,38.4,58.5,,32.3,,,,92.2,85.4,,12.0,,,,,63.8,,,10.7,23.8,,,,41.5
2020,2020,TX,Texas,,10.8,,,,,,,,,11.2,81.3,59.1,77.1,,,,,1.9,37.3,,,,,4.6,,26.3,3.4,13.4,9.7,47.4,51.8,23.2,61.8,,,14.8,13.0,,,,,,,,36.9,23.4,,,29.8,16.4,41.2,,13.2,59.2,,,34.5,54.3,,33.2,,,,,,,29.8,,,,,67.1,,,,9.3,,,,58.6
2020,2020,US,United States,,16.6,,,,,,,,,12.4,81.8,67.8,77.6,,,,,2.3,34.2,,,,,15.1,10.9,24.4,19.3,15.8,9.0,51.3,51.2,21.9,69.7,75.3,,18.3,8.1,15.6,,,,,,,34.0,24.3,,,30.9,,30.7,,13.4,65.6,31.7,,31.0,62.6,,26.1,,,,95.2,84.8,,13.6,,,,,90.0,,,6.5,11.0,,,,51.9
2020,2020,UT,Utah,,19.4,,,,,,,,,11.8,76.2,65.1,70.8,,,,,4.1,11.9,,,,,7.2,17.0,22.1,14.5,13.3,5.6,36.5,54.9,35.4,74.6,92.3,,23.1,14.8,17.0,,,,,,,44.1,26.6,,,13.9,5.9,33.5,,9.7,67.8,59.0,,23.6,74.1,,30.3,,,,95.0,96.5,,12.6,,,,,72.4,,,5.6,8.2,,,,55.1
2020,2020,VA,Virginia,,4.1,,,,,,,,,11.1,85.0,52.7,87.0,,,,,6.5,39.5,,,,,23.1,5.6,37.7,7.6,13.9,7.4,50.7,43.8,22.7,77.4,80.1,,10.1,13.0,12.1,,,,,,,39.5,27.0,,,23.1,13.0,29.8,,11.4,67.0,27.9,,46.6,73.1,,33.6,,,,56.9,93.9,,12.6,,,,,67.8,,,0.0,11.3,,,,57.4
2020,2020,VI,Virgin Islands,,,,,,,,,,,,,,,,,,,,,,,,,24.2,,,,,,,,,,,,,,,,,,,,,,,,,,14.6,,,,,,,,,,,,,,,,,,,,,,,,,,,,,,
2020,2020,VT,Vermont,,17.4,,,,,,,,,11.1,83.3,69.7,74.8,,,,,2.1,38.5,,,,,9.3,7.9,58.5,16.0,11.3,8.7,45.0,60.2,36.7,72.7,90.1,,23.7,13.8,11.9,,,,,,,50.6,33.2,,,29.9,15.0,23.2,,16.0,70.1,56.0,,33.0,68.5,,30.1,,,,97.4,92.5,,5.4,,,,,60.9,,,11.5,14.4,,,,59.9
2020,2020,WA,Washington,,22.2,,,,,,,,,12.8,81.1,56.0,65.5,,,,,6.1,30.9,,,,,8.7,15.7,16.4,4.0,22.2,8.0,50.9,54.0,40.2,76.1,93.2,,23.4,13.8,12.4,,,,,,,49.1,31.9,,,27.6,12.9,29.3,,9.8,71.4,28.3,,24.1,64.2,,29.9,,,,99.6,96.6,,7.3,,,,,63.4,,,1.4,11.9,,,,52.1
2020,2020,WI,Wisconsin,,23.1,,,,,,,,,41.1,84.5,59.9,86.3,,,,,5.3,37.5,,,,,8.7,11.1,33.9,34.1,21.4,11.1,51.8,54.9,27.3,80.1,83.5,,26.5,9.4,18.6,,,,,,,44.6,34.2,,,22.0,13.0,30.6,,11.2,73.4,31.8,,35.4,79.8,,28.4,,,,78.0,94.3,,11.5,,,,,74.2,,,0.0,36.5,,,,54.9
2020,2020,WV,West Virginia,,11.2,,,,,,,,,13.5,84.3,62.2,77.7,,,,,13.6,46.9,,,,,16.2,6.0,26.8,50.5,19.5,21.8,35.1,41.2,37.8,71.8,88.9,,49.1,19.0,15.5,,,,,,,30.5,23.4,,,26.0,15.6,38.6,,23.4,67.5,30.0,,46.4,47.6,,39.2,,,,99.1,93.0,,9.8,,,,,78.1,,,18.3,12.7,,,,50.2
2020,2020,WY,Wyoming,,15.9,,,,,,,,,12.3,75.8,60.3,67.1,,,,,7.1,31.4,,,,,8.5,7.2,25.0,17.5,15.0,8.8,40.8,31.8,29.4,69.4,90.1,,18.5,16.1,15.1,,,,,,,39.8,26.8,,,20.3,12.1,35.7,,15.6,67.2,37.6,,29.8,65.4,,31.4,,,,89.1,55.6,,37.7,,,,,72.8,,,11.4,19.4,,,,46.9
2020,2021,AK,Alaska,,,,,,,,,,,,,,,,,,,,,,,,,,,,,,,,,,,,,,,,26.6,,,,,,,,,,,,,,,,,52.1,,,61.6,,30.3,,,,,,,,,,,,,,,,,,,
2020,2021,AL,Alabama,,,,,,,,,,,,,,,,,,,,,,,,,,,,,,,,,,,,,,,,27.0,,,,,,,,,,,,,,,,,26.5,,,74.9,,46.4,,,,,,,,,,,,,,,,,,,
2020,2021,AR,Arkansas,,,,,,,,,,,,,,,,,,,,,,,,,,,,,,,,,,,,,,,,21.5,,,,,,,,,,,,,,,,,47.3,,,75.9,,46.4,,,,,,,,,,,,,,,,,,,
2020,2021,AZ,Arizona,,,,,,,,,,,,,,,,,,,,,,,,,,,,,,,,,,,,,,,,16.5,,,,,,,,,,,,,,,,,58.1,,,83.3,,26.6,,,,,,,,,,,,,,,,,,,
2020,2021,CA,California,,,,,,,,,,,,,,,,,,,,,,,,,,,,,,,,,,,,,,,,20.9,,,,,,,,,,,,,,,,,38.7,,,76.2,,31.1,,,,,,,,,,,,,,,,,,,
2020,2021,CO,Colorado,,,,,,,,,,,,,,,,,,,,,,,,,,,,,,,,,,,,,,,,23.2,,,,,,,,,,,,,,,,,50.3,,,79.2,,25.9,,,,,,,,,,,,,,,,,,,
2020,2021,CT,Connecticut,,,,,,,,,,,,,,,,,,,,,,,,,,,,,,,,,,,,,,,,20.4,,,,,,,,,,,,,,,,,61.3,,,70.7,,37.5,,,,,,,,,,,,,,,,,,,
2020,2021,DC,District of Columbia,,,,,,,,,,,,,,,,,,,,,,,,,,,,,,,,,,,,,,,,22.5,,,,,,,,,,,,,,,,,45.4,,,84.1,,26.8,,,,,,,,,,,,,,,,,,,
2020,2021,DE,Delaware,,,,,,,,,,,,,,,,,,,,,,,,,,,,,,,,,,,,,,,,22.5,,,,,,,,,,,,,,,,,44.3,,,74.6,,41.7,,,,,,,,,,,,,,,,,,,
2020,2021,FL,Florida,,,,,,,,,,,,,,,,,,,,,,,,,,,,,,,,,,,,,,,,22.8,,,,,,,,,,,,,,,,,41.0,,,72.7,,41.7,,,,,,,,,,,,,,,,,,,
2020,2021,GA,Georgia,,,,,,,,,,,,,,,,,,,,,,,,,,,,,,,,,,,,,,,,15.1,,,,,,,,,,,,,,,,,27.6,,,55.6,,43.1,,,,,,,,,,,,,,,,,,,
2020,2021,HI,Hawaii,,,,,,,,,,,,,,,,,,,,,,,,,,,,,,,,,,,,,,,,9.4,,,,,,,,,,,,,,,,,59.5,,,87.9,,38.5,,,,,,,,,,,,,,,,,,,
2020,2021,IA,Iowa,,,,,,,,,,,,,,,,,,,,,,,,,,,,,,,,,,,,,,,,29.6,,,,,,,,,,,,,,,,,26.7,,,83.9,,31.4,,,,,,,,,,,,,,,,,,,
2020,2021,ID,Idaho,,,,,,,,,,,,,,,,,,,,,,,,,,,,,,,,,,,,,,,,33.3,,,,,,,,,,,,,,,,,59.0,,,84.4,,30.5,,,,,,,,,,,,,,,,,,,
2020,2021,IL,Illinois,,,,,,,,,,,,,,,,,,,,,,,,,,,,,,,,,,,,,,,,23.3,,,,,,,,,,,,,,,,,20.4,,,78.6,,31.5,,,,,,,,,,,,,,,,,,,
2020,2021,IN,Indiana,,,,,,,,,,,,,,,,,,,,,,,,,,,,,,,,,,,,,,,,34.8,,,,,,,,,,,,,,,,,33.9,,,86.8,,34.7,,,,,,,,,,,,,,,,,,,
2020,2021,KS,Kansas,,,,,,,,,,,,,,,,,,,,,,,,,,,,,,,,,,,,,,,,30.8,,,,,,,,,,,,,,,,,47.3,,,79.3,,28.9,,,,,,,,,,,,,,,,,,,
2020,2021,KY,Kentucky,,,,,,,,,,,,,,,,,,,,,,,,,,,,,,,,,,,,,,,,30.5,,,,,,,,,,,,,,,,,47.3,,,77.3,,40.9,,,,,,,,,,,,,,,,,,,
2020,2021,LA,Louisiana,,,,,,,,,,,,,,,,,,,,,,,,,,,,,,,,,,,,,,,,19.4,,,,,,,,,,,,,,,,,29.6,,,76.8,,46.9,,,,,,,,,,,,,,,,,,,
2020,2021,MA,Massachusetts,,,,,,,,,,,,,,,,,,,,,,,,,,,,,,,,,,,,,,,,16.0,,,,,,,,,,,,,,,,,54.9,,,88.3,,43.0,,,,,,,,,,,,,,,,,,,
2020,2021,MD,Maryland,,,,,,,,,,,,,,,,,,,,,,,,,,,,,,,,,,,,,,,,23.8,,,,,,,,,,,,,,,,,43.3,,,89.9,,45.5,,,,,,,,,,,,,,,,,,,
2020,2021,ME,Maine,,,,,,,,,,,,,,,,,,,,,,,,,,,,,,,,,,,,,,,,28.7,,,,,,,,,,,,,,,,,45.9,,,79.8,,28.9,,,,,,,,,,,,,,,,,,,
2020,2021,MI,Michigan,,,,,,,,,,,,,,,,,,,,,,,,,,,,,,,,,,,,,,,,28.1,,,,,,,,,,,,,,,,,49.2,,,84.5,,32.5,,,,,,,,,,,,,,,,,,,
2020,2021,MN,Minnesota,,,,,,,,,,,,,,,,,,,,,,,,,,,,,,,,,,,,,,,,16.3,,,,,,,,,,,,,,,,,70.6,,,89.1,,27.4,,,,,,,,,,,,,,,,,,,
2020,2021,MO,Missouri,,,,,,,,,,,,,,,,,,,,,,,,,,,,,,,,,,,,,,,,35.2,,,,,,,,,,,,,,,,,49.5,,,75.6,,33.2,,,,,,,,,,,,,,,,,,,
2020,2021,MS,Mississippi,,,,,,,,,,,,,,,,,,,,,,,,,,,,,,,,,,,,,,,,31.9,,,,,,,,,,,,,,,,,35.8,,,78.1,,47.4,,,,,,,,,,,,,,,,,,,
2020,2021,MT,Montana,,,,,,,,,,,,,,,,,,,,,,,,,,,,,,,,,,,,,,,,35.0,,,,,,,,,,,,,,,,,36.3,,,84.7,,22.8,,,,,,,,,,,,,,,,,,,
2020,2021,NC,North Carolina,,,,,,,,,,,,,,,,,,,,,,,,,,,,,,,,,,,,,,,,12.8,,,,,,,,,,,,,,,,,33.3,,,79.8,,27.9,,,,,,,,,,,,,,,,,,,
2020,2021,ND,North Dakota,,,,,,,,,,,,,,,,,,,,,,,,,,,,,,,,,,,,,,,,19.6,,,,,,,,,,,,,,,,,48.0,,,75.9,,41.4,,,,,,,,,,,,,,,,,,,
2020,2021,NE,Nebraska,,,,,,,,,,,,,,,,,,,,,,,,,,,,,,,,,,,,,,,,15.1,,,,,,,,,,,,,,,,,54.2,,,82.6,,69.6,,,,,,,,,,,,,,,,,,,
2020,2021,NH,New Hampshire,,,,,,,,,,,,,,,,,,,,,,,,,,,,,,,,,,,,,,,,30.3,,,,,,,,,,,,,,,,,36.8,,,92.2,,30.5,,,,,,,,,,,,,,,,,,,
2020,2021,NJ,New Jersey,,,,,,,,,,,,,,,,,,,,,,,,,,,,,,,,,,,,,,,,16.9,,,,,,,,,,,,,,,,,42.7,,,55.3,,33.2,,,,,,,,,,,,,,,,,,,
2020,2021,NM,New Mexico,,,,,,,,,,,,,,,,,,,,,,,,,,,,,,,,,,,,,,,,22.3,,,,,,,,,,,,,,,,,54.4,,,83.7,,42.3,,,,,,,,,,,,,,,,,,,
2020,2021,NV,Nevada,,,,,,,,,,,,,,,,,,,,,,,,,,,,,,,,,,,,,,,,14.3,,,,,,,,,,,,,,,,,44.7,,,80.6,,36.0,,,,,,,,,,,,,,,,,,,
2020,2021,NY,New York,,,,,,,,,,,,,,,,,,,,,,,,,,,,,,,,,,,,,,,,13.0,,,,,,,,,,,,,,,,,45.5,,,63.2,,49.7,,,,,,,,,,,,,,,,,,,
2020,2021,OH,Ohio,,,,,,,,,,,,,,,,,,,,,,,,,,,,,,,,,,,,,,,,33.8,,,,,,,,,,,,,,,,,29.2,,,81.3,,35.9,,,,,,,,,,,,,,,,,,,
2020,2021,OK,Oklahoma,,,,,,,,,,,,,,,,,,,,,,,,,,,,,,,,,,,,,,,,24.8,,,,,,,,,,,,,,,,,47.0,,,77.8,,35.1,,,,,,,,,,,,,,,,,,,
2020,2021,OR,Oregon,,,,,,,,,,,,,,,,,,,,,,,,,,,,,,,,,,,,,,,,22.0,,,,,,,,,,,,,,,,,41.4,,,80.9,,29.7,,,,,,,,,,,,,,,,,,,
2020,2021,PA,Pennsylvania,,,,,,,,,,,,,,,,,,,,,,,,,,,,,,,,,,,,,,,,26.2,,,,,,,,,,,,,,,,,51.9,,,70.3,,14.8,,,,,,,,,,,,,,,,,,,
2020,2021,RI,Rhode Island,,,,,,,,,,,,,,,,,,,,,,,,,,,,,,,,,,,,,,,,31.8,,,,,,,,,,,,,,,,,29.7,,,85.8,,28.9,,,,,,,,,,,,,,,,,,,
2020,2021,SC,South Carolina,,,,,,,,,,,,,,,,,,,,,,,,,,,,,,,,,,,,,,,,17.2,,,,,,,,,,,,,,,,,57.9,,,80.5,,40.5,,,,,,,,,,,,,,,,,,,
2020,2021,SD,South Dakota,,,,,,,,,,,,,,,,,,,,,,,,,,,,,,,,,,,,,,,,29.6,,,,,,,,,,,,,,,,,36.9,,,78.8,,33.4,,,,,,,,,,,,,,,,,,,
2020,2021,TN,Tennessee,,,,,,,,,,,,,,,,,,,,,,,,,,,,,,,,,,,,,,,,13.9,,,,,,,,,,,,,,,,,27.5,,,81.0,,42.8,,,,,,,,,,,,,,,,,,,
2020,2021,TX,Texas,,,,,,,,,,,,,,,,,,,,,,,,,,,,,,,,,,,,,,,,21.4,,,,,,,,,,,,,,,,,50.2,,,75.5,,31.4,,,,,,,,,,,,,,,,,,,
2020,2021,US,United States,,,,,,,,,,,,,,,,,,,,,,,,,,,,,,,,,,,,,,,,25.6,,,,,,,,,,,,,,,,,44.6,,,77.9,,33.7,,,,,,,,,,,,,,,,,,,
2020,2021,UT,Utah,,,,,,,,,,,,,,,,,,,,,,,,,,,,,,,,,,,,,,,,13.2,,,,,,,,,,,,,,,,,58.0,,,84.1,,32.4,,,,,,,,,,,,,,,,,,,
2020,2021,VA,Virginia,,,,,,,,,,,,,,,,,,,,,,,,,,,,,,,,,,,,,,,,18.7,,,,,,,,,,,,,,,,,47.7,,,76.8,,57.3,,,,,,,,,,,,,,,,,,,
2020,2021,VT,Vermont,,,,,,,,,,,,,,,,,,,,,,,,,,,,,,,,,,,,,,,,31.4,,,,,,,,,,,,,,,,,54.8,,,85.6,,24.0,,,,,,,,,,,,,,,,,,,
2020,2021,WA,Washington,,,,,,,,,,,,,,,,,,,,,,,,,,,,,,,,,,,,,,,,29.7,,,,,,,,,,,,,,,,,56.1,,,84.0,,25.7,,,,,,,,,,,,,,,,,,,
2020,2021,WI,Wisconsin,,,,,,,,,,,,,,,,,,,,,,,,,,,,,,,,,,,,,,,,10.0,,,,,,,,,,,,,,,,,50.8,,,69.3,,28.7,,,,,,,,,,,,,,,,,,,
2020,2021,WV,West Virginia,,,,,,,,,,,,,,,,,,,,,,,,,,,,,,,,,,,,,,,,32.9,,,,,,,,,,,,,,,,,53.4,,,56.7,,44.3,,,,,,,,,,,,,,,,,,,
2020,2021,WY,Wyoming,,,,,,,,,,,,,,,,,,,,,,,,,,,,,,,,,,,,,,,,33.1,,,,,,,,,,,,,,,,,52.1,,,62.7,,30.3,,,,,,,,,,,,,,,,,,,
2021,2021,AK,Alaska,,23.5,,9.1,26.3,17.7,14.8,62.4,20.3,40.1,10.0,,,,40.5,51.0,29.7,74.3,7.8,35.0,,,,,9.9,,25.8,14.6,15.5,10.3,38.8,46.4,19.2,63.7,,,19.7,14.0,,,42.1,,,19.0,,,,,,18.9,,32.3,,,,,,,,,,,,,,,77.2,8.8,,,16.2,9.1,68.0,,6.1,,34.7,,,,
2021,2021,AL,Alabama,8.0,11.4,,22.2,30.6,13.2,38.3,60.1,28.1,35.6,11.5,,,,44.6,48.8,43.0,83.0,4.3,34.0,,,,,20.8,10.1,34.8,31.9,19.4,7.2,42.4,37.4,24.5,66.4,79.4,30.9,15.7,21.5,19.2,,42.6,10.6,,22.9,9.9,,,28.8,,26.9,,36.8,9.9,,,34.8,,,,,,,74.4,,45.0,86.6,93.9,14.2,,,41.4,14.8,67.5,,9.0,5.4,17.2,22.4,1.7,21.4,
2021,2021,AR,Arkansas,26.7,3.3,8.7,17.1,34.4,12.7,25.9,74.6,33.5,45.9,12.0,,,,38.4,54.9,44.7,85.5,3.5,58.9,,,,,24.8,8.7,37.1,26.8,26.3,25.4,30.4,30.7,27.3,70.6,87.1,19.6,26.6,23.1,19.5,,37.2,11.9,25.0,22.5,11.5,,,29.7,,34.3,,35.9,17.1,,,21.9,,,,,,,78.8,,74.2,88.6,91.4,33.5,,,29.2,14.3,77.3,,4.9,5.6,13.0,16.9,2.3,16.1,
2021,2021,AZ,Arizona,26.3,17.6,11.1,3.0,15.0,14.7,33.9,61.6,29.9,33.4,9.9,,,,34.1,33.1,34.4,35.1,7.7,27.3,,,,,11.2,,30.2,10.0,15.5,14.1,41.2,31.9,31.7,72.1,,35.1,12.5,12.7,,,45.0,16.7,15.6,12.3,7.3,,,21.4,,28.2,,31.1,14.9,,,,,,,,,,86.4,,,,87.6,6.8,,,27.3,8.5,65.3,,6.5,,12.2,24.4,1.9,23.6,
2021,2021,CA,California,,9.6,,2.6,14.1,16.0,29.7,68.3,30.4,38.5,9.3,,,,32.4,34.0,33.8,89.0,9.7,31.3,,,,,17.5,,32.0,19.2,10.8,11.7,33.4,44.4,25.9,48.3,,,20.4,17.3,,,39.6,,,34.3,,,,,,13.5,,26.5,,,,,,,,,,,,,,,92.8,4.7,,,27.8,7.1,67.8,,8.2,,8.9,,,,
2021,2021,CO,Colorado,22.6,14.2,19.2,11.1,26.0,13.9,26.5,58.4,44.4,37.1,11.1,,,,8.9,50.7,30.7,33.3,5.9,34.0,,,,,9.3,5.2,38.1,12.5,17.5,9.5,51.1,47.3,29.0,61.6,92.2,33.8,22.3,17.2,11.4,,35.1,7.4,12.5,30.3,4.5,,,22.1,,21.8,,31.8,7.9,,,22.9,,,,,,,75.5,,99.0,92.7,87.7,17.9,,,12.8,7.1,68.5,,5.3,10.7,7.9,11.7,3.6,17.0,
2021,2021,CT,Connecticut,28.9,12.7,8.5,10.3,49.1,12.6,31.4,64.9,31.2,54.7,13.9,,,,34.2,34.9,29.7,70.0,5.9,18.9,,,,,14.4,14.6,21.2,16.3,12.5,10.7,45.7,47.9,22.7,72.3,93.4,19.3,18.0,10.2,16.7,,38.6,7.5,,23.2,10.2,,,21.7,,22.9,,28.6,10.0,,,40.2,,,,,,,80.4,,82.2,77.0,90.7,9.6,,,13.4,7.9,75.9,,8.3,3.1,11.4,10.9,1.7,6.9,
2021,2021,DC,District of Columbia,22.9,26.7,15.4,5.2,6.3,17.7,34.4,76.9,7.9,33.8,12.5,,,,20.9,49.8,29.2,29.6,4.1,28.5,,,,,13.7,6.8,10.2,20.0,10.2,10.0,49.5,57.4,20.1,71.7,96.3,25.4,19.3,17.1,5.4,,29.5,,13.4,14.9,,,,17.3,,15.8,,25.0,8.1,,,40.7,,,,,,,69.8,,100.0,76.4,92.8,0.0,,,12.8,9.8,87.1,,9.0,3.4,8.6,7.5,3.9,15.2,
2021,2021,DE,Delaware,10.3,13.3,11.2,18.4,10.5,12.3,35.0,68.7,30.5,42.5,7.4,,,,36.2,53.8,25.6,83.0,1.9,22.9,,,,,11.5,22.2,25.0,17.3,14.6,9.9,54.2,54.3,26.9,55.9,91.2,,16.8,13.6,5.8,,40.8,,12.5,15.8,,,,25.3,,17.2,,32.9,16.9,,,22.5,,,,,,,85.0,,94.3,93.8,89.3,43.6,,,12.9,8.0,80.4,,5.4,3.2,14.9,6.5,1.8,13.1,45.4
2021,2021,FL,Florida,23.7,,12.2,,,,,,,,,,,,,,,,,,,,,,,,,,,,,,,,,,,,,,,7.0,14.9,,13.0,,,31.0,,,,,14.2,,,,,,,,,,79.5,,,,89.0,,,,23.6,9.5,,,4.6,,,,,,
2021,2021,GA,Georgia,38.0,16.4,12.2,11.7,20.8,19.0,21.4,47.9,31.3,46.6,12.7,,,,21.7,36.6,40.2,81.9,7.9,20.3,,,,,25.8,9.3,30.8,17.9,17.5,15.9,45.2,40.8,21.8,74.7,90.7,,15.0,14.3,8.7,,38.8,5.7,,19.4,14.9,,,23.3,,26.1,,33.9,16.4,,,29.4,,,,,,,72.1,,93.9,79.4,84.2,20.0,,,16.2,10.0,69.5,,7.1,4.6,18.2,5.7,1.0,34.7,59.5
2021,2021,GU,Guam,,10.4,,5.2,5.8,27.2,48.5,55.5,29.1,43.3,4.7,,,,17.4,35.3,36.4,73.3,,,,,,,11.7,,19.7,11.6,11.4,8.7,35.6,30.1,12.8,26.9,,,9.5,13.9,,,31.5,,,28.8,,,,,,35.7,,31.7,,,,,,,,,,,,,,,,16.4,,,,,63.3,,,,27.3,,,,
2021,2021,HI,Hawaii,11.7,24.3,13.7,7.0,24.3,15.6,28.5,57.4,47.9,35.7,8.2,,,,51.7,17.6,32.3,64.4,3.4,20.8,,,,,8.6,10.8,20.4,12.6,11.3,7.5,42.2,48.5,26.1,58.0,93.5,,11.1,12.7,14.4,,47.3,10.0,13.4,29.6,10.6,,,22.4,,20.0,,28.5,19.4,,,5.8,,,,,,,73.6,,99.8,98.6,92.9,5.2,,,16.7,9.1,74.8,,6.8,0.4,15.6,14.8,,,39.9
2021,2021,IA,Iowa,23.5,20.1,5.2,9.8,26.1,14.8,34.4,62.0,19.3,33.5,18.3,,,,31.4,38.9,28.4,83.3,8.2,24.5,,,,,3.1,,23.5,14.2,19.6,10.8,53.0,47.9,35.0,81.0,,33.7,21.3,7.0,,,41.5,8.6,12.0,43.0,8.3,,,20.7,,26.8,,36.6,13.6,,,,,,,,,,75.1,,,,88.9,7.3,,,17.1,11.5,69.0,,5.4,,14.6,23.2,0.0,14.0,
2021,2021,ID,Idaho,28.7,5.4,14.8,14.7,33.1,14.2,35.4,62.5,25.3,38.6,10.1,,,,30.5,33.3,38.7,54.4,14.8,32.9,,,,,19.4,,46.1,35.4,16.3,10.6,44.3,42.2,28.9,70.9,,,24.4,19.5,,,48.9,6.4,2.2,15.2,2.8,,,21.4,,16.9,,27.0,12.5,,,,,,,,,,,,,,88.6,17.4,,,21.0,9.5,89.0,,3.1,,13.0,27.7,1.8,20.0,
2021,2021,IL,Illinois,17.7,11.4,15.3,2.0,10.5,12.3,24.5,70.0,34.6,40.3,8.0,,,,37.8,15.2,32.2,84.2,5.5,28.3,,,,,10.8,19.9,30.0,18.3,11.7,10.8,54.8,49.3,37.5,68.9,88.3,30.0,16.9,14.8,14.5,,33.2,9.3,13.7,14.2,9.5,,,18.2,,36.0,,38.1,15.6,,,38.1,,,,,,,82.8,,99.0,89.1,88.0,7.9,,,20.7,10.3,75.0,,16.5,4.3,10.8,16.7,0.8,5.6,51.9
2021,2021,IN,Indiana,20.6,22.7,15.9,16.2,35.5,14.7,39.4,71.1,34.9,44.3,12.5,,,,15.0,30.6,31.7,94.0,8.5,39.5,,,,,16.7,,29.7,44.2,16.7,12.5,66.5,30.7,36.2,76.5,,32.5,14.1,18.0,,,36.3,7.9,21.3,18.5,,,,21.4,,28.9,,36.3,25.7,,,,,,,,,,82.4,,,,89.0,6.9,,,24.7,10.6,80.2,,4.2,,11.0,18.8,,,50.5
2021,2021,KS,Kansas,19.1,13.1,13.4,14.8,9.4,15.6,46.7,62.9,29.9,55.1,11.2,,,,40.0,35.0,35.0,46.3,13.3,34.4,,,,,10.5,6.7,30.5,15.8,10.6,13.5,42.2,48.7,22.2,74.0,93.7,,19.5,20.1,13.4,,41.0,7.9,16.5,18.9,8.7,,,17.2,,21.7,,35.5,21.0,,,29.0,,,,,,,75.4,,95.1,70.4,90.3,13.8,,,16.8,10.5,65.2,,3.9,0.0,14.6,14.4,3.8,12.2,
2021,2021,KY,Kentucky,25.8,9.0,6.7,10.6,29.3,12.9,40.2,58.5,36.4,53.7,14.1,,,,48.0,37.0,37.8,49.0,10.9,41.1,,,,,19.8,,39.0,30.8,27.2,13.6,33.1,34.5,32.2,59.6,,28.4,20.0,12.2,,,43.4,10.2,26.0,34.0,9.9,,,23.6,,33.6,,39.8,19.6,,,,,,,,,,77.6,,,,90.1,5.5,,,33.4,12.7,67.2,,5.2,,20.0,29.2,0.7,7.5,40.7
2021,2021,LA,Louisiana,37.9,14.7,10.6,10.4,15.1,14.4,37.8,66.2,33.6,45.0,12.9,,,,41.5,37.7,20.4,81.5,4.5,55.8,,,,,17.5,19.5,34.1,23.1,19.4,16.6,42.6,39.3,18.9,66.3,92.0,25.0,21.4,17.1,10.5,,51.2,15.3,13.4,26.5,16.5,,,23.7,,29.4,,45.4,22.6,,,36.7,,,,,,,82.4,,97.3,89.2,89.4,4.8,,,26.6,14.6,79.5,,6.7,3.0,20.4,24.3,5.2,29.0,
2021,2021,MA,Massachusetts,10.4,13.1,21.2,4.2,29.0,12.7,26.8,67.4,22.1,30.3,8.8,,,,17.4,55.1,54.4,78.8,2.7,20.9,,,,,18.5,9.7,39.4,15.4,13.2,13.2,49.2,52.7,29.9,59.9,95.6,31.8,22.0,10.2,10.4,,37.2,8.9,5.6,19.1,6.5,,,24.5,,18.5,,32.6,21.9,,,59.2,,,,,,,82.1,,100.0,98.8,97.8,4.5,,,15.7,7.8,72.7,,8.6,2.7,14.7,19.1,,,52.4
2021,2021,MD,Maryland,27.0,10.0,12.7,12.0,24.7,10.3,32.1,77.1,37.2,35.7,10.8,,,,25.9,33.5,37.5,79.2,4.4,38.5,,,,,12.3,,26.4,17.0,10.1,9.5,31.4,55.3,36.7,70.2,,25.8,23.8,5.3,,,37.1,9.0,13.3,18.2,10.9,,,23.0,,18.9,,33.3,15.9,,,,,,,,,,,,,,93.7,42.4,,,21.2,8.1,65.5,,8.4,,11.2,10.1,11.7,15.6,
2021,2021,ME,Maine,19.9,13.7,,16.5,45.6,14.1,28.8,70.8,29.2,37.0,13.0,,,,56.6,14.0,52.1,72.8,3.7,22.8,,,,,19.7,11.0,57.5,22.3,16.4,8.7,51.2,51.6,32.0,72.0,93.3,36.2,24.0,14.7,12.3,,29.5,5.5,,13.1,,,,23.6,,27.4,,44.5,22.1,,,48.5,,,,,,,,,96.1,90.7,88.1,6.5,,,40.6,10.6,77.5,,5.0,11.7,15.4,7.5,2.1,26.4,48.7
2021,2021,MI,Michigan,10.9,5.8,7.3,14.8,21.8,17.2,27.5,66.4,35.3,41.0,9.0,,,,42.9,35.3,38.2,79.6,12.9,37.4,,,,,10.3,13.0,28.7,17.5,11.9,14.7,36.1,53.2,29.7,74.2,87.5,24.2,28.1,15.6,18.6,,38.9,8.3,11.2,20.9,7.1,,,19.5,,22.0,,31.8,23.2,,,30.8,,,,,,,86.6,,95.2,100.0,86.0,7.8,,,13.2,10.1,63.9,,4.5,4.8,20.5,24.2,1.0,24.1,
2021,2021,MN,Minnesota,,17.9,,11.0,26.3,26.5,31.8,66.9,24.2,33.9,11.9,,,,24.1,35.2,33.0,81.1,10.0,36.9,,,,,10.5,8.2,26.6,5.6,8.7,7.5,71.6,39.8,34.9,72.0,83.2,,18.8,15.1,21.2,,35.3,,,29.3,,,,,,27.6,,34.1,,,,42.5,,,,,,,,,96.6,94.0,88.3,7.3,,,44.9,8.8,60.1,,10.4,34.7,8.4,,,,43.6
2021,2021,MO,Missouri,20.3,16.0,12.7,15.1,52.0,13.7,23.6,64.6,26.9,41.5,12.4,,,,59.4,38.0,52.6,80.7,10.4,39.4,,,,,3.0,7.5,31.2,25.2,17.4,11.2,34.8,36.6,31.8,74.1,90.9,,21.4,16.2,10.1,,45.4,7.4,15.4,20.8,10.0,,,25.8,,26.1,,36.8,24.2,,,38.6,,,,,,,82.8,,63.8,55.9,86.6,12.2,,,27.1,11.4,80.6,,5.0,9.4,16.7,24.6,3.3,26.9,52.0
2021,2021,MS,Mississippi,24.5,17.5,5.5,13.9,54.6,8.7,39.2,61.7,46.1,42.1,10.0,,,,57.1,46.8,54.8,57.5,7.6,46.4,,,,,14.4,9.5,40.6,23.9,20.5,13.8,37.7,35.7,23.7,66.0,88.2,31.2,13.7,11.6,20.8,,44.8,14.1,24.5,21.9,18.1,,,25.9,,33.9,,39.1,25.3,,,23.2,,,,,,,76.8,,92.6,78.2,79.6,16.0,,,39.4,18.1,91.5,,8.7,12.6,21.9,26.0,2.1,22.2,55.4
2021,2021,MT,Montana,33.9,30.6,19.6,4.5,47.6,17.8,29.4,60.6,24.0,39.1,13.9,,,,31.0,32.1,32.0,80.6,5.3,40.3,,,,,8.7,7.4,29.0,18.2,13.2,8.4,42.6,33.1,29.6,68.5,80.6,32.4,30.1,18.1,11.8,,40.4,4.9,12.4,25.0,7.1,,,17.9,,17.8,,30.9,14.9,,,29.3,,,,,,,71.4,,96.3,90.4,91.1,7.1,,,20.2,11.6,76.6,,4.3,9.5,15.1,24.8,8.1,29.2,45.4
2021,2021,NC,North Carolina,15.1,10.4,9.7,12.8,30.8,15.2,34.9,71.8,48.0,39.5,12.3,,,,14.8,35.2,19.6,82.9,7.6,37.2,,,,,2.8,,31.8,41.6,18.5,11.8,42.9,34.1,33.0,74.8,,46.1,16.3,13.9,,,41.3,5.4,15.1,17.0,8.8,,,15.2,,24.9,,33.0,16.9,,,,,,,,,,83.2,,,,88.6,13.3,,,12.8,11.2,83.4,,8.8,,16.3,16.3,,,
2021,2021,ND,North Dakota,22.9,26.3,0.9,4.4,28.4,11.8,29.2,58.6,24.2,37.6,8.9,,,,28.3,29.7,38.5,83.5,2.4,31.0,,,,,20.5,13.2,34.2,4.8,14.0,9.0,47.3,45.3,33.6,71.1,92.4,25.6,13.0,12.6,13.6,,50.4,5.0,10.5,18.0,8.0,,,26.3,,26.6,,37.1,30.1,,,42.5,,,,,,,78.3,,98.5,83.5,92.7,6.5,,,45.8,11.3,61.5,,1.5,5.9,16.6,12.3,4.3,32.6,
2021,2021,NE,Nebraska,15.5,27.3,9.4,9.6,30.6,12.2,32.5,61.6,46.4,37.3,9.0,,,,28.9,33.4,36.0,64.9,11.6,36.3,,,,,9.6,10.9,46.3,18.0,9.0,10.5,32.1,54.2,35.0,70.1,87.4,26.2,21.0,10.7,23.0,,42.7,8.9,15.3,18.7,8.5,,,30.3,,25.5,,42.1,15.7,,,56.5,,,,,,,72.0,,66.2,84.2,89.0,15.0,,,30.9,9.9,62.9,,11.4,4.4,13.0,9.7,3.2,13.3,51.6
2021,2021,NH,New Hampshire,23.5,22.0,13.0,11.1,29.2,18.8,29.4,70.7,27.0,35.0,9.8,,,,34.3,25.3,15.5,81.0,13.0,33.7,,,,,8.7,,26.8,20.5,14.2,10.1,41.1,49.7,27.3,75.2,,50.2,29.5,14.6,,,40.0,,9.4,14.9,,,,14.5,,26.4,,30.6,14.5,,,,,,,,,,82.6,,,,88.0,5.6,,,11.7,7.4,74.7,,11.2,,12.8,18.9,,,
2021,2021,NJ,New Jersey,26.0,19.7,15.2,2.6,18.4,9.1,30.1,65.6,27.5,34.2,9.3,,,,34.2,49.9,36.7,76.2,4.7,35.9,,,,,12.5,14.3,13.7,35.6,23.3,10.4,36.4,53.9,24.3,71.1,95.9,33.5,14.6,11.6,26.6,,30.7,8.3,6.0,23.9,,,,19.3,,21.3,,28.8,24.6,,,33.5,,,,,,,83.9,,78.3,69.4,90.7,9.2,,,14.4,8.0,78.3,,9.5,3.0,18.2,25.2,,,57.7
2021,2021,NM,New Mexico,19.7,13.2,9.6,10.5,19.3,14.4,23.1,69.2,27.4,50.4,14.8,,,,31.8,41.2,17.9,89.5,4.5,24.9,,,,,19.1,13.7,32.4,19.9,20.9,11.5,47.7,44.4,37.2,71.9,81.1,30.0,15.3,9.4,12.4,,34.7,10.9,19.0,26.4,9.5,,,28.3,,24.9,,34.6,20.0,,,38.6,,,,,,,69.4,,98.1,95.1,65.7,10.0,,,47.7,15.7,55.8,,7.9,5.0,27.6,30.4,2.2,21.2,
2021,2021,NV,Nevada,15.4,19.0,3.6,3.5,32.2,15.5,37.8,66.8,48.0,44.0,11.6,,,,37.4,49.0,37.6,84.6,8.0,32.3,,,,,11.4,,32.5,41.0,12.6,20.5,29.0,23.9,28.9,41.5,,,17.0,18.7,,,40.2,,13.0,26.7,,,,16.6,,32.4,,31.3,18.5,,,,,,,,,,76.8,,,,86.4,13.0,,,25.1,9.4,86.9,,8.7,,12.6,18.8,3.1,,43.2
2021,2021,NY,New York,20.0,13.9,12.9,12.5,17.3,11.9,20.6,70.2,24.8,46.9,13.1,,,,42.8,33.0,50.7,80.2,5.0,30.1,,,,,12.3,11.1,28.2,11.7,9.5,12.8,46.5,42.2,24.9,62.2,89.1,,17.0,8.3,16.6,,38.1,,13.2,22.5,,,,17.9,,31.2,,40.4,18.5,,,28.1,,,,,,,81.6,,97.3,82.1,91.9,6.1,,,15.1,9.6,82.8,,8.8,4.8,8.2,27.0,3.1,19.0,49.1
2021,2021,OH,Ohio,24.6,25.3,6.3,9.7,11.4,14.8,39.1,67.1,26.9,47.9,22.9,,,,35.6,22.2,33.6,78.3,10.6,51.6,,,,,13.2,,16.2,12.6,17.2,13.7,48.3,42.8,36.0,61.5,,31.7,16.3,16.4,,,31.9,9.8,17.0,19.8,4.1,,,25.8,,29.5,,12.6,15.7,,,,,,,,,,74.5,,,,86.3,10.1,,,17.4,11.1,77.1,,4.2,,20.7,23.2,3.7,17.8,
2021,2021,OK,Oklahoma,24.9,11.9,11.6,15.4,51.1,15.2,32.6,68.4,38.3,49.8,11.8,,,,19.1,37.9,38.8,80.0,14.1,41.5,,,,,8.8,13.2,35.7,26.2,12.6,17.7,68.1,29.5,33.8,75.2,89.9,28.7,25.0,20.3,11.8,,41.2,9.8,18.8,20.7,10.3,,,29.5,,25.5,,45.8,16.2,,,22.9,,,,,,,75.8,,92.6,50.1,86.6,6.7,,,23.9,12.2,71.7,,7.4,6.0,21.2,17.3,1.9,27.2,
2021,2021,OR,Oregon,,14.3,,17.5,25.4,18.8,23.9,68.9,32.2,49.4,8.2,,,,34.4,33.1,34.9,68.1,2.1,36.2,,,,,9.0,28.6,34.6,20.5,14.0,14.6,34.3,56.5,36.5,71.1,90.8,,21.9,32.2,17.8,,49.8,,,18.5,,,,,,18.2,,35.9,,,,34.6,,,,,,,,,98.9,94.3,87.5,23.7,,,20.3,8.4,69.3,,6.4,3.8,30.3,,,,55.8
2021,2021,PA,Pennsylvania,41.1,4.8,11.3,9.3,34.6,13.3,32.8,63.9,29.9,30.8,12.7,,,,31.5,15.3,50.4,83.0,8.4,35.2,,,,,13.2,12.0,28.5,20.3,9.4,12.1,45.1,40.7,32.1,65.3,90.7,32.2,22.3,24.7,7.5,,37.3,7.9,7.5,21.9,10.6,,,16.3,,32.2,,34.0,20.4,,,23.0,,,,,,,89.3,,93.6,96.1,86.8,4.8,,,24.6,11.2,66.0,,7.6,10.7,14.4,19.5,4.7,18.6,
2021,2021,PR,Puerto Rico,17.5,17.8,14.6,5.9,26.6,8.7,54.0,67.5,62.5,39.8,14.4,,,,53.0,64.4,63.7,56.9,3.0,12.7,,,,,3.4,10.2,49.5,40.4,49.7,20.6,26.4,29.3,16.6,34.0,83.1,22.7,16.0,14.4,13.5,,52.7,16.3,23.9,47.8,20.0,,,11.8,,46.5,,29.6,18.9,,,38.9,,,,,,,66.8,,98.4,93.4,,4.6,,,,,78.8,,,0.4,5.0,7.3,5.3,16.2,
2021,2021,RI,Rhode Island,21.0,17.3,8.3,12.5,16.4,11.2,28.9,68.3,41.9,33.4,15.7,,,,37.1,32.8,51.2,81.5,6.6,46.0,,,,,12.8,,24.2,20.2,21.5,11.7,41.8,54.5,20.9,77.2,,32.2,24.8,11.9,,,34.6,8.5,11.1,19.4,12.0,,,22.4,,23.6,,34.9,16.9,,,,,,,,,,81.3,,,,88.4,3.2,,,18.5,9.0,84.0,,11.5,,12.6,20.9,1.2,17.8,58.0
2021,2021,SC,South Carolina,17.5,10.9,9.1,11.4,27.5,17.1,27.9,70.6,40.6,38.6,10.6,,,,36.7,38.1,55.1,53.0,7.5,46.3,,,,,25.2,,32.7,41.3,17.2,11.9,45.2,50.4,19.0,72.5,,21.0,19.7,13.4,,,44.9,9.2,17.0,17.6,1.0,,,24.0,,28.8,,32.5,22.3,,,,,,,,,,80.9,,,,85.4,9.8,,,21.9,12.1,82.1,,3.7,,9.7,13.9,0.3,,
2021,2021,SD,South Dakota,25.4,19.6,11.5,10.6,20.5,21.8,26.3,70.1,21.8,39.3,11.5,,,,38.9,34.6,38.4,94.8,5.7,39.3,,,,,9.7,9.7,33.6,17.2,12.7,8.1,46.4,52.5,30.4,68.2,82.0,,20.4,11.0,18.0,,35.8,4.6,22.1,22.1,9.7,,,28.2,,24.9,,45.0,12.3,,,43.7,,,,,,,71.3,,89.0,87.5,84.3,9.7,,,19.3,11.9,72.0,,1.2,5.5,8.1,13.8,2.4,16.5,
2021,2021,TN,Tennessee,23.1,13.0,14.9,12.0,32.7,26.0,44.3,69.2,38.9,49.3,14.6,,,,37.6,29.8,39.9,94.4,9.7,42.4,,,,,13.6,13.3,29.3,18.6,18.7,14.7,52.1,43.3,33.4,73.1,82.3,16.5,31.5,19.1,12.4,,46.1,12.5,23.2,18.0,10.8,,,13.5,,32.6,,47.3,20.5,,,12.4,,,,,,,79.5,,50.9,81.5,84.1,9.9,,,19.6,12.0,81.5,,4.3,2.2,21.0,23.4,3.5,21.7,
2021,2021,TX,Texas,,11.6,13.2,13.1,13.9,15.2,26.8,68.3,29.8,54.1,11.9,,,,42.7,37.5,26.4,60.7,3.7,37.4,,,,,14.1,,13.2,14.6,17.2,10.9,29.1,46.2,16.1,56.2,,43.0,18.9,14.0,,,38.3,8.6,21.1,27.2,16.0,,,34.0,,15.5,,31.5,18.4,,,,,,,,,,71.7,,,,86.1,18.6,,,19.5,9.8,73.3,,7.1,,8.2,19.1,2.7,30.5,
2021,2021,US,United States,22.9,16.1,4.5,11.8,23.3,14.6,32.7,66.8,34.2,35.9,9.0,,,,19.4,38.0,41.3,80.1,7.7,35.9,,,,,11.8,24.1,21.2,18.5,16.2,11.6,39.3,42.5,29.9,69.5,78.7,18.1,24.4,12.0,17.8,,37.0,7.5,15.1,21.8,7.7,,,25.1,,28.7,,42.9,15.3,,,19.7,,,,,,,77.9,,92.4,70.0,86.6,6.6,,,37.7,9.9,69.3,,7.4,8.7,13.8,24.0,2.4,13.2,
2021,2021,UT,Utah,12.0,15.2,2.2,6.4,8.0,14.3,14.7,69.7,23.3,34.8,10.9,,,,22.7,52.4,38.7,29.6,2.5,20.6,,,,,7.2,10.5,28.1,14.3,14.9,20.1,69.9,38.3,25.0,77.2,85.0,32.0,29.3,21.7,16.5,,29.1,4.9,14.3,18.6,5.1,,,19.7,,24.6,,37.0,19.7,,,37.5,,,,,,,81.6,,93.2,63.7,95.0,5.9,,,15.1,6.7,71.0,,3.8,0.0,6.2,8.1,1.8,7.7,64.7
2021,2021,VA,Virginia,9.7,18.5,6.4,10.9,53.1,19.4,23.5,68.2,40.1,50.2,7.4,,,,34.6,43.9,41.1,62.0,12.5,33.0,,,,,23.1,11.2,19.4,22.2,9.7,7.6,49.4,50.6,28.0,77.2,92.0,33.0,15.6,18.3,9.1,,40.6,2.6,20.0,17.8,,,,26.7,,24.6,,31.6,20.8,,,26.6,,,,,,,73.1,,98.1,94.8,91.5,7.0,,,23.6,9.3,89.8,,3.6,0.0,11.5,23.1,2.0,13.4,
2021,2021,VI,Virgin Islands,,19.4,,6.1,9.6,,35.2,75.2,42.1,51.4,5.8,,,,28.7,60.7,27.5,72.3,,,,,,,12.0,,29.1,10.2,21.8,13.8,12.9,9.5,,15.7,,,7.1,7.2,,,36.2,,,32.2,,,,,,21.9,,44.3,,,,,,,,,,,,,,,,18.1,,,,,88.5,,,,2.6,,,,
2021,2021,VT,Vermont,24.6,13.5,14.8,12.2,34.6,12.6,26.3,61.2,27.2,32.2,10.0,,,,30.2,15.8,18.5,89.7,11.0,47.2,,,,,9.3,10.9,25.6,16.5,15.2,5.8,50.3,41.7,27.4,63.3,94.7,35.3,22.7,7.4,8.7,,34.0,6.7,,14.3,5.1,,,18.2,,24.6,,25.2,19.6,,,54.2,,,,,,,,,97.7,96.1,91.2,7.3,,,15.9,10.8,73.4,,3.5,8.4,15.7,16.1,3.8,8.9,43.5
2021,2021,WA,Washington,,14.2,,4.0,22.4,25.4,20.3,63.0,23.3,34.5,11.4,,,,22.2,35.6,33.1,87.9,11.4,35.4,,,,,8.3,11.5,22.2,25.1,16.6,12.4,49.9,41.2,40.2,58.8,90.6,,29.9,18.6,11.6,,28.9,,,16.0,,,,,,16.4,,28.8,,,,41.5,,,,,,,,,98.3,72.4,87.5,9.1,,,16.5,6.6,65.2,,10.1,4.2,9.4,,,,51.9
2021,2021,WI,Wisconsin,25.7,30.4,,4.0,22.6,13.1,24.3,66.5,27.8,37.5,13.2,,,,18.0,31.0,34.0,78.7,10.8,31.7,,,,,2.8,10.3,37.9,25.4,13.0,11.2,50.7,68.7,43.9,71.8,92.6,,24.5,9.5,15.0,,38.8,,,20.6,,,,25.7,,28.0,,34.5,19.5,,,50.5,,,,,,,69.8,,79.0,96.8,80.7,0.0,,,14.4,10.5,63.5,,7.9,24.7,10.0,14.7,1.8,15.9,
2021,2021,WV,West Virginia,21.7,11.6,20.0,17.4,20.3,11.9,43.8,56.8,41.2,40.9,14.9,,,,21.4,41.7,41.5,92.8,11.8,55.6,,,,,4.7,7.3,42.0,27.1,22.5,7.4,44.3,32.9,30.6,72.3,93.8,41.6,41.5,19.8,12.0,,46.4,8.1,36.7,17.3,7.9,,,22.7,,26.4,,39.4,26.0,,,29.3,,,,,,,85.9,,98.8,95.7,89.7,6.6,,,25.5,15.3,67.7,,5.3,10.3,21.5,29.7,7.5,19.8,46.0
2021,2021,WY,Wyoming,,12.5,,2.6,24.3,22.7,23.9,52.0,20.5,28.8,12.7,,,,14.3,33.3,32.3,90.7,6.9,36.8,,,,,10.8,5.0,26.1,15.3,33.2,14.1,35.7,33.6,31.3,66.7,94.7,,27.9,11.2,14.5,,45.2,,,21.0,,,,,,29.3,,32.0,,,,51.5,,,,,,,,,92.2,75.5,89.6,14.8,,,17.0,9.2,62.6,,11.9,10.5,32.0,,,,
2021,2022,AK,Alaska,,,,,,,,,,,,,,,,,,,,,,21.5,21.2,,,,,,,,,,,,,,,,,,,,,,,,,,,,,,,,,,,,,,,,,,,,,,,,,,,,,,,,,,
2021,2022,AL,Alabama,,,,,,,,,,,,,,,,,,,,,,22.7,23.9,,,,,,,,,,,,,,,,,,,,,,,,,,,,,,,,,,,,,,,,,,,,,,,,,,,,,,,,,,
2021,2022,AR,Arkansas,,,,,,,,,,,,,,,,,,,,,,27.8,30.8,,,,,,,,,,,,,,,,,,,,,,,,,,,,,,,,,,,,,,,,,,,,,,,,,,,,,,,,,,
2021,2022,AZ,Arizona,,,,,,,,,,,,,,,,,,,,,30.5,16.9,30.6,16.6,,,,,,,,,,,,,,,,,,,,,,,,,,,,,,,,,,,,,,,,,,,,,,,,,,,,,,,,,
2021,2022,CA,California,,,,,,,,,,,,,,,,,,,,,35.9,22.6,25.4,11.0,,,,,,,,,,,,,,,,,,,,,,,,,,,,,,,,,,,,,,,,,,,,,,,,,,,,,,,,,
2021,2022,CO,Colorado,,,,,,,,,,,,,,,,,,,,,43.4,19.5,26.1,11.4,,,,,,,,,,,,,,,,,,,,,,,,,,,,,,,,,,,,,,,,,,,,,,,,,,,,,,,,,
2021,2022,CT,Connecticut,,,,,,,,,,,,,,,,,,,,,41.4,16.1,27.4,9.6,,,,,,,,,,,,,,,,,,,,,,,,,,,,,,,,,,,,,,,,,,,,,,,,,,,,,,,,,
2021,2022,DC,District of Columbia,,,,,,,,,,,,,,,,,,,,,33.2,,,7.8,,,,,,,,,,,,,,,,,,,,,,,,,,,,,,,,,,,,,,,,,,,,,,,,,,,,,,,,,
2021,2022,DE,Delaware,,,,,,,,,,,,,,,,,,,,,,8.3,28.2,,,,,,,,,,,,,,,,,,,,,,,,,,,,,,,,,,,,,,,,,,,,,,,,,,,,,,,,,,
2021,2022,FL,Florida,,,,,,,,,,,,,,,,,,,,,52.2,,,12.0,,,,,,,,,,,,,,,,,,,,,,,,,,,,,,,,,,,,,,,,,,,,,,,,,,,,,,,,,
2021,2022,GA,Georgia,,,,,,,,,,,,,,,,,,,,,40.2,20.2,26.5,14.6,,,,,,,,,,,,,,,,,,,,,,,,,,,,,,,,,,,,,,,,,,,,,,,,,,,,,,,,,
2021,2022,HI,Hawaii,,,,,,,,,,,,,,,,,,,,,33.8,18.5,30.5,12.3,,,,,,,,,,,,,,,,,,,,,,,,,,,,,,,,,,,,,,,,,,,,,,,,,,,,,,,,,
2021,2022,IA,Iowa,,,,,,,,,,,,,,,,,,,,,39.6,7.7,18.9,11.0,,,,,,,,,,,,,,,,,,,,,,,,,,,,,,,,,,,,,,,,,,,,,,,,,,,,,,,,,
2021,2022,ID,Idaho,,,,,,,,,,,,,,,,,,,,,42.6,22.9,28.2,10.2,,,,,,,,,,,,,,,,,,,,,,,,,,,,,,,,,,,,,,,,,,,,,,,,,,,,,,,,,
2021,2022,IL,Illinois,,,,,,,,,,,,,,,,,,,,,,19.9,29.1,,,,,,,,,,,,,,,,,,,,,,,,,,,,,,,,,,,,,,,,,,,,,,,,,,,,,,,,,,
2021,2022,IN,Indiana,,,,,,,,,,,,,,,,,,,,,45.2,26.0,19.7,11.1,,,,,,,,,,,,,,,,,,,,,,,,,,,,,,,,,,,,,,,,,,,,,,,,,,,,,,,,,
2021,2022,KS,Kansas,,,,,,,,,,,,,,,,,,,,,,15.7,21.1,,,,,,,,,,,,,,,,,,,,,,,,,,,,,,,,,,,,,,,,,,,,,,,,,,,,,,,,,,
2021,2022,KY,Kentucky,,,,,,,,,,,,,,,,,,,,,,20.6,22.4,,,,,,,,,,,,,,,,,,,,,,,,,,,,,,,,,,,,,,,,,,,,,,,,,,,,,,,,,,
2021,2022,LA,Louisiana,,,,,,,,,,,,,,,,,,,,,,27.7,22.8,,,,,,,,,,,,,,,,,,,,,,,,,,,,,,,,,,,,,,,,,,,,,,,,,,,,,,,,,,
2021,2022,MA,Massachusetts,,,,,,,,,,,,,,,,,,,,,,12.9,26.1,,,,,,,,,,,,,,,,,,,,,,,,,,,,,,,,,,,,,,,,,,,,,,,,,,,,,,,,,,
2021,2022,MD,Maryland,,,,,,,,,,,,,,,,,,,,,38.3,16.1,25.3,11.2,,,,,,,,,,,,,,,,,,,,,,,,,,,,,,,,,,,,,,,,,,,,,,,,,,,,,,,,,
2021,2022,ME,Maine,,,,,,,,,,,,,,,,,,,,,48.2,15.1,27.7,9.2,,,,,,,,,,,,,,,,,,,,,,,,,,,,,,,,,,,,,,,,,,,,,,,,,,,,,,,,,
2021,2022,MI,Michigan,,,,,,,,,,,,,,,,,,,,,47.9,21.4,23.3,10.9,,,,,,,,,,,,,,,,,,,,,,,,,,,,,,,,,,,,,,,,,,,,,,,,,,,,,,,,,
2021,2022,MN,Minnesota,,,,,,,,,,,,,,,,,,,,,,10.8,24.0,,,,,,,,,,,,,,,,,,,,,,,,,,,,,,,,,,,,,,,,,,,,,,,,,,,,,,,,,,
2021,2022,MO,Missouri,,,,,,,,,,,,,,,,,,,,,,24.5,24.2,,,,,,,,,,,,,,,,,,,,,,,,,,,,,,,,,,,,,,,,,,,,,,,,,,,,,,,,,,
2021,2022,MS,Mississippi,,,,,,,,,,,,,,,,,,,,,45.7,28.3,18.7,12.3,,,,,,,,,,,,,,,,,,,,,,,,,,,,,,,,,,,,,,,,,,,,,,,,,,,,,,,,,
2021,2022,NC,North Carolina,,,,,,,,,,,,,,,,,,,,,,18.2,23.5,,,,,,,,,,,,,,,,,,,,,,,,,,,,,,,,,,,,,,,,,,,,,,,,,,,,,,,,,,
2021,2022,ND,North Dakota,,,,,,,,,,,,,,,,,,,,,,16.3,25.6,,,,,,,,,,,,,,,,,,,,,,,,,,,,,,,,,,,,,,,,,,,,,,,,,,,,,,,,,,
2021,2022,NE,Nebraska,,,,,,,,,,,,,,,,,,,,,,18.1,16.3,,,,,,,,,,,,,,,,,,,,,,,,,,,,,,,,,,,,,,,,,,,,,,,,,,,,,,,,,,
2021,2022,NH,New Hampshire,,,,,,,,,,,,,,,,,,,,,,18.2,14.2,,,,,,,,,,,,,,,,,,,,,,,,,,,,,,,,,,,,,,,,,,,,,,,,,,,,,,,,,,
2021,2022,NJ,New Jersey,,,,,,,,,,,,,,,,,,,,,,19.7,14.6,,,,,,,,,,,,,,,,,,,,,,,,,,,,,,,,,,,,,,,,,,,,,,,,,,,,,,,,,,
2021,2022,NM,New Mexico,,,,,,,,,,,,,,,,,,,,,,25.0,21.3,,,,,,,,,,,,,,,,,,,,,,,,,,,,,,,,,,,,,,,,,,,,,,,,,,,,,,,,,,
2021,2022,NV,Nevada,,,,,,,,,,,,,,,,,,,,,47.3,15.5,25.4,12.8,,,,,,,,,,,,,,,,,,,,,,,,,,,,,,,,,,,,,,,,,,,,,,,,,,,,,,,,,
2021,2022,NY,New York,,,,,,,,,,,,,,,,,,,,,49.0,15.7,23.1,10.8,,,,,,,,,,,,,,,,,,,,,,,,,,,,,,,,,,,,,,,,,,,,,,,,,,,,,,,,,
2021,2022,OH,Ohio,,,,,,,,,,,,,,,,,,,,,50.9,20.6,22.3,10.7,,,,,,,,,,,,,,,,,,,,,,,,,,,,,,,,,,,,,,,,,,,,,,,,,,,,,,,,,
2021,2022,OK,Oklahoma,,,,,,,,,,,,,,,,,,,,,45.5,15.5,25.5,14.0,,,,,,,,,,,,,,,,,,,,,,,,,,,,,,,,,,,,,,,,,,,,,,,,,,,,,,,,,
2021,2022,OR,Oregon,,,,,,,,,,,,,,,,,,,,,45.5,27.6,27.1,12.9,,,,,,,,,,,,,,,,,,,,,,,,,,,,,,,,,,,,,,,,,,,,,,,,,,,,,,,,,
2021,2022,PA,Pennsylvania,,,,,,,,,,,,,,,,,,,,,42.5,19.9,29.6,12.1,,,,,,,,,,,,,,,,,,,,,,,,,,,,,,,,,,,,,,,,,,,,,,,,,,,,,,,,,
2021,2022,PR,Puerto Rico,,,,,,,,,,,,,,,,,,,,,,7.2,30.0,,,,,,,,,,,,,,,,,,,,,,,,,,,,,,,,,,,,,,,,,,,,,,,,,,,,,,,,,,
2021,2022,RI,Rhode Island,,,,,,,,,,,,,,,,,,,,,39.0,13.3,22.6,12.1,,,,,,,,,,,,,,,,,,,,,,,,,,,,,,,,,,,,,,,,,,,,,,,,,,,,,,,,,
2021,2022,SC,South Carolina,,,,,,,,,,,,,,,,,,,,,47.6,25.9,25.2,12.2,,,,,,,,,,,,,,,,,,,,,,,,,,,,,,,,,,,,,,,,,,,,,,,,,,,,,,,,,
2021,2022,SD,South Dakota,,,,,,,,,,,,,,,,,,,,,,10.3,23.0,,,,,,,,,,,,,,,,,,,,,,,,,,,,,,,,,,,,,,,,,,,,,,,,,,,,,,,,,,
2021,2022,TN,Tennessee,,,,,,,,,,,,,,,,,,,,,43.8,,,25.0,,,,,,,,,,,,,,,,,,,,,,,,,,,,,,,,,,,,,,,,,,,,,,,,,,,,,,,,,
2021,2022,TX,Texas,,,,,,,,,,,,,,,,,,,,,40.2,31.7,17.0,13.6,,,,,,,,,,,,,,,,,,,,,,,,,,,,,,,,,,,,,,,,,,,,,,,,,,,,,,,,,
2021,2022,US,United States,,,,,,,,,,,,,,,,,,,,,47.8,20.3,17.2,13.0,,,,,,,,,,,,,,,,,,,,,,,,,,,,,,,,,,,,,,,,,,,,,,,,,,,,,,,,,
2021,2022,UT,Utah,,,,,,,,,,,,,,,,,,,,,43.2,20.9,26.6,15.0,,,,,,,,,,,,,,,,,,,,,,,,,,,,,,,,,,,,,,,,,,,,,,,,,,,,,,,,,
2021,2022,VA,Virginia,,,,,,,,,,,,,,,,,,,,,41.3,22.4,25.8,10.9,,,,,,,,,,,,,,,,,,,,,,,,,,,,,,,,,,,,,,,,,,,,,,,,,,,,,,,,,
2021,2022,VT,Vermont,,,,,,,,,,,,,,,,,,,,,53.0,17.6,15.9,8.4,,,,,,,,,,,,,,,,,,,,,,,,,,,,,,,,,,,,,,,,,,,,,,,,,,,,,,,,,
2021,2022,WA,Washington,,,,,,,,,,,,,,,,,,,,,,21.9,23.5,,,,,,,,,,,,,,,,,,,,,,,,,,,,,,,,,,,,,,,,,,,,,,,,,,,,,,,,,,
2021,2022,WI,Wisconsin,,,,,,,,,,,,,,,,,,,,,37.8,21.5,30.3,9.2,,,,,,,,,,,,,,,,,,,,,,,,,,,,,,,,,,,,,,,,,,,,,,,,,,,,,,,,,
2021,2022,WV,West Virginia,,,,,,,,,,,,,,,,,,,,,,17.3,21.1,,,,,,,,,,,,,,,,,,,,,,,,,,,,,,,,,,,,,,,,,,,,,,,,,,,,,,,,,,
2021,2022,WY,Wyoming,,,,,,,,,,,,,,,,,,,,,,12.4,21.5,,,,,,,,,,,,,,,,,,,,,,,,,,,,,,,,,,,,,,,,,,,,,,,,,,,,,,,,,,
2022,2022,AK,Alaska,,20.7,,,22.0,,,,,,9.6,,53.6,66.0,,,,,7.6,,,,,,8.7,,31.0,12.1,14.6,13.7,60.9,39.0,22.2,52.7,,,20.5,18.3,,,,,,,,,,,,21.9,,37.2,,11.8,53.2,,,25.9,58.1,,36.1,,,,,,,10.8,7.3,8.8,,,68.6,19.2,,,12.3,,,,
2022,2022,AL,Alabama,,13.0,,,32.2,,,,,,11.5,,65.6,67.9,,,,,11.6,,,,,,28.6,,35.9,25.9,23.1,6.2,42.5,36.6,29.5,71.0,,,30.1,15.0,,,,,,,,,,,,39.4,,33.4,,16.6,42.7,,,39.6,59.7,,50.2,,,,,,,14.2,10.3,7.8,,,84.7,23.5,,,9.1,,,,
2022,2022,AR,Arkansas,,3.5,,,33.4,,,,,,9.9,,53.8,72.1,,,,,9.8,,,,,,28.2,,53.4,13.6,30.7,11.8,37.2,45.1,36.9,71.2,,,39.3,26.7,,,,,,,,,,,,39.8,,32.3,,19.3,64.3,,,37.9,56.0,,39.3,,,,,,,,,,,,,,,,11.4,,,,52.6
2022,2022,AZ,Arizona,,21.3,,,32.4,,,,,,8.2,,55.7,77.7,,,,,8.0,,,,,,11.5,,30.7,43.5,24.0,8.9,42.1,39.0,23.6,67.7,,,16.9,25.5,,,,,,,,,,,,26.1,,33.8,,10.6,66.8,,,27.5,63.6,,30.9,,,,,,,13.9,18.7,10.4,,,77.0,7.9,,,11.1,,,,
2022,2022,CA,California,,21.3,,,28.9,,,,,,10.4,,52.4,70.7,,,,,1.9,,,,,,13.6,,29.1,14.9,22.9,13.1,42.0,53.9,34.5,53.2,,,22.3,14.7,,,,,,,,,,,,20.1,,25.5,,6.4,67.8,,,25.5,66.2,,28.9,,,,,,,8.4,8.6,9.7,,,67.3,13.8,,,6.3,,,,
2022,2022,CO,Colorado,,18.3,,,37.9,,,,,,7.9,,49.5,71.4,,,,,5.6,,,,,,8.1,,22.1,12.4,14.0,11.4,41.7,43.5,32.2,73.5,,,22.2,14.6,,,,,,,,,,,,14.3,,30.2,,6.5,71.1,,,51.2,62.0,,43.3,,,,,,,,,,,,,,,,12.4,,,,
2022,2022,CT,Connecticut,,22.6,,,31.3,,,,,,14.8,,64.3,75.6,,,,,7.0,,,,,,13.2,,24.1,17.5,19.2,15.7,76.3,49.3,31.9,71.1,,,19.3,32.1,,,,,,,,,,,,15.5,,28.6,,8.8,67.0,,,24.2,77.0,,50.3,,,,,,,5.7,11.2,11.1,,,83.8,5.5,,,7.1,,,,
2022,2022,DC,District of Columbia,,5.4,,,13.5,,,,,,11.1,,60.9,65.9,,,,,1.3,,,,,,1.9,,18.4,12.6,11.5,11.7,59.7,55.3,36.7,67.4,,,14.1,11.7,,,,,,,,,,,,11.6,,23.2,,16.6,89.0,,,31.2,70.4,,33.3,,,,,,,3.9,7.0,12.3,,,84.8,18.2,,,12.5,,,,
2022,2022,DE,Delaware,,9.0,,,53.8,,,,,,9.9,,63.1,77.9,,,,,7.0,,,,,,19.7,,24.5,43.0,14.8,12.0,44.6,36.5,22.2,69.8,,,14.9,13.3,,,,,,,,,,,,28.3,,35.4,,13.0,64.4,,,32.4,60.4,,36.7,,,,,,,4.8,3.3,9.4,,,92.3,26.2,,,11.6,,,,49.8
2022,2022,FL,Florida,,9.9,,,35.0,,,,,,8.4,,70.8,72.8,,,,,5.5,,,,,,2.6,,32.3,22.2,17.3,17.2,39.0,38.5,20.1,51.8,,,27.5,14.2,,,,,,,,,,,,24.5,,36.7,,13.9,61.0,,,28.1,56.9,,55.3,,,,,,,19.2,4.7,12.1,,,81.0,13.3,,,9.7,,,,52.0
2022,2022,GA,Georgia,,12.3,,,30.6,,,,,,11.6,,61.6,69.8,,,,,5.3,,,,,,2.8,,29.7,21.6,20.0,9.2,36.4,43.1,22.6,76.6,,,14.7,13.9,,,,,,,,,,,,24.6,,32.3,,14.4,67.7,,,38.3,57.5,,46.3,,,,,,,15.8,9.2,18.2,,,68.6,11.7,,,13.3,,,,51.8
2022,2022,GU,Guam,,22.8,,,14.5,,,,,,6.9,,35.7,62.5,,,,,3.7,,,,,,47.0,,29.9,22.9,18.0,11.8,41.8,42.5,18.6,30.8,,,11.7,16.5,,,,,,,,,,,,25.7,,32.7,,,59.8,,,46.3,63.3,,51.2,,,,,,,,,,,,,,,,16.9,,,,45.2
2022,2022,HI,Hawaii,,23.2,,,20.5,,,,,,6.6,,62.1,75.3,,,,,3.4,,,,,,9.7,,24.1,14.2,20.5,8.7,47.4,49.3,25.0,65.9,,,17.5,10.2,,,,,,,,,,,,14.3,,18.0,,4.2,69.1,,,17.6,67.1,,47.2,,,,,,,,,,,,,,,,14.3,,,,49.3
2022,2022,IA,Iowa,,17.7,,,29.6,,,,,,7.8,,66.0,75.9,,,,,7.2,,,,,,11.3,,25.2,18.8,15.7,7.1,48.3,52.4,39.3,73.1,,,25.6,13.5,,,,,,,,,,,,25.9,,35.1,,9.9,69.1,,,28.4,47.2,,34.8,,,,,,,7.3,2.6,6.5,,,65.7,12.4,,,8.5,,,,
2022,2022,ID,Idaho,,14.8,,,22.7,,,,,,11.1,,60.6,65.5,,,,,12.2,,,,,,9.0,,34.1,6.4,17.0,16.2,35.2,46.3,33.6,58.8,,,22.7,18.7,,,,,,,,,,,,20.8,,45.9,,13.3,68.4,,,27.5,68.7,,43.6,,,,,,,11.6,3.3,5.6,,,69.8,7.9,,,23.0,,,,
2022,2022,IL,Illinois,,24.1,,,20.9,,,,,,11.0,,62.5,69.6,,,,,5.8,,,,,,12.5,,8.4,7.8,18.3,12.5,49.0,41.5,29.1,72.4,,,14.0,13.0,,,,,,,,,,,,31.1,,33.3,,17.9,75.4,,,29.6,60.1,,36.0,,,,,,,,,,,,,,,,10.5,,,,47.6
2022,2022,IN,Indiana,,18.2,,,38.5,,,,,,11.0,,63.3,71.3,,,,,8.5,,,,,,11.6,,23.9,8.3,25.6,11.8,45.6,28.7,18.6,69.1,,,22.8,15.2,,,,,,,,,,,,27.5,,43.3,,19.8,65.5,,,26.2,65.0,,36.1,,,,,,,5.9,7.3,9.1,,,80.3,17.1,,,15.8,,,,51.2
2022,2022,KS,Kansas,,14.2,,,11.9,,,,,,10.7,,60.0,66.6,,,,,3.4,,,,,,18.5,,40.9,41.8,16.6,9.4,46.9,49.4,34.5,60.6,,,16.6,15.9,,,,,,,,,,,,25.2,,39.5,,12.6,66.6,,,31.4,57.9,,36.4,,,,,,,10.7,9.7,7.0,,,66.2,14.5,,,18.1,,,,
2022,2022,KY,Kentucky,,19.1,,,30.3,,,,,,10.8,,64.0,69.3,,,,,3.8,,,,,,15.0,,37.6,27.8,31.7,15.6,65.0,30.4,31.0,66.3,,,19.8,15.1,,,,,,,,,,,,25.6,,37.7,,22.9,57.2,,,47.2,62.5,,39.1,,,,,,,4.5,8.0,6.8,,,82.9,7.8,,,17.0,,,,
2022,2022,LA,Louisiana,,36.1,,,11.6,,,,,,9.8,,64.8,89.8,,,,,9.2,,,,,,27.8,,37.6,29.3,24.9,14.6,35.4,34.7,38.3,68.0,,,34.8,19.3,,,,,,,,,,,,26.2,,37.4,,17.9,52.5,,,38.6,60.2,,31.3,,,,,,,,,,,,,,,,16.7,,,,
2022,2022,MA,Massachusetts,,9.0,,,8.0,,,,,,14.0,,53.0,80.3,,,,,5.7,,,,,,9.1,,38.3,16.3,16.3,14.9,61.0,54.0,38.2,69.3,,,20.3,11.9,,,,,,,,,,,,18.6,,30.7,,8.9,64.4,,,27.7,65.9,,37.9,,,,,,,4.2,5.9,10.5,,,79.3,5.0,,,9.2,,,,47.3
2022,2022,MD,Maryland,,17.0,,,38.4,,,,,,10.3,,63.8,86.2,,,,,7.4,,,,,,23.7,,22.9,6.8,13.7,8.7,74.3,49.5,28.7,70.9,,,13.1,9.1,,,,,,,,,,,,19.5,,33.8,,7.2,69.8,,,28.4,62.3,,38.0,,,,,,,,,,,,,,,,10.0,,,,
2022,2022,ME,Maine,,14.9,,,28.4,,,,,,20.1,,70.0,76.3,,,,,8.8,,,,,,13.5,,35.8,40.2,16.6,12.4,38.0,51.8,37.7,71.5,,,28.1,8.9,,,,,,,,,,,,27.0,,28.4,,15.1,63.9,,,33.1,61.2,,34.0,,,,,,,4.1,3.8,6.3,,,70.5,29.6,,,17.2,,,,62.5
2022,2022,MI,Michigan,,14.7,,,56.3,,,,,,23.9,,63.9,72.8,,,,,3.6,,,,,,16.3,,14.4,18.6,22.0,15.7,44.8,49.1,25.6,69.4,,,15.3,19.7,,,,,,,,,,,,26.1,,33.4,,8.8,78.5,,,28.4,55.8,,31.9,,,,,,,,,,,,,,,,15.5,,,,
2022,2022,MN,Minnesota,,23.9,,,13.2,,,,,,9.9,,59.4,79.4,,,,,4.8,,,,,,10.1,,26.2,16.9,14.0,12.3,46.0,51.3,29.6,76.7,,,20.4,11.6,,,,,,,,,,,,20.5,,34.6,,8.1,74.4,,,22.2,57.0,,28.0,,,,,,,7.6,12.6,14.9,,,61.9,12.3,,,13.6,,,,26.1
2022,2022,MO,Missouri,,30.6,,,54.8,,,,,,14.0,,61.8,62.5,,,,,8.4,,,,,,16.7,,38.5,21.8,19.5,13.0,64.6,45.1,24.5,72.4,,,21.2,20.8,,,,,,,,,,,,23.2,,35.7,,17.9,63.9,,,48.8,58.5,,28.6,,,,,,,14.4,8.5,7.5,,,76.5,12.9,,,17.3,,,,
2022,2022,MS,Mississippi,,13.5,,,29.3,,,,,,8.9,,56.3,67.5,,,,,13.8,,,,,,14.6,,37.9,24.2,23.9,14.5,37.6,32.8,28.7,62.6,,,14.1,15.0,,,,,,,,,,,,29.8,,41.9,,19.2,39.5,,,35.3,9.9,,35.1,,,,,,,10.7,9.3,15.5,,,85.4,14.7,,,16.1,,,,49.3
2022,2022,MT,Montana,,32.8,,,29.3,,,,,,15.5,,63.9,76.9,,,,,3.1,,,,,,2.3,,39.2,15.2,28.8,16.8,35.8,52.4,33.6,69.9,,,16.6,8.6,,,,,,,,,,,,19.3,,30.5,,12.3,67.9,,,26.8,59.8,,34.0,,,,,,,8.4,2.5,8.9,,,75.8,6.5,,,28.5,,,,40.6
2022,2022,NC,North Carolina,,15.8,,,9.2,,,,,,9.6,,61.0,75.2,,,,,2.5,,,,,,15.4,,35.2,5.4,27.4,11.0,44.2,43.2,20.4,72.1,,,34.4,36.5,,,,,,,,,,,,35.8,,37.2,,17.8,59.7,,,34.5,68.8,,34.1,,,,,,,15.5,8.5,10.6,,,77.5,22.9,,,15.5,,,,
2022,2022,ND,North Dakota,,16.5,,,33.9,,,,,,15.4,,64.7,75.3,,,,,5.7,,,,,,19.1,,29.7,42.1,14.8,10.4,65.5,45.0,32.8,75.0,,,21.5,6.0,,,,,,,,,,,,18.6,,33.3,,11.8,81.1,,,32.9,67.8,,33.2,,,,,,,,,,,,,,,,17.2,,,,
2022,2022,NE,Nebraska,,12.5,,,25.9,,,,,,8.3,,38.9,76.1,,,,,5.6,,,,,,9.7,,39.6,19.2,13.5,10.3,52.4,50.9,39.0,76.5,,,10.4,15.7,,,,,,,,,,,,23.2,,42.0,,9.4,69.3,,,25.1,62.1,,28.1,,,,,,,,,,,,,,,,29.3,,,,
2022,2022,NH,New Hampshire,,17.0,,,25.2,,,,,,18.9,,62.8,81.3,,,,,6.7,,,,,,18.1,,38.7,20.3,15.6,11.9,54.0,52.4,42.7,71.2,,,42.1,13.4,,,,,,,,,,,,16.0,,30.3,,10.6,67.6,,,27.9,58.3,,27.0,,,,,,,5.0,5.7,10.1,,,79.2,7.4,,,7.6,,,,
2022,2022,NJ,New Jersey,,18.8,,,34.6,,,,,,9.7,,56.4,76.6,,,,,4.9,,,,,,3.1,,33.0,17.5,10.6,13.6,69.3,44.0,15.9,66.6,,,10.9,12.1,,,,,,,,,,,,20.4,,38.3,,7.6,59.2,,,24.8,68.3,,37.4,,,,,,,10.1,5.8,16.2,,,91.2,11.6,,,10.2,,,,
2022,2022,NM,New Mexico,,22.5,,,35.3,,,,,,13.0,,56.4,76.0,,,,,6.4,,,,,,12.8,,31.8,17.1,19.3,20.0,41.8,46.8,23.0,68.6,,,21.2,17.0,,,,,,,,,,,,21.3,,42.5,,12.5,64.7,,,33.1,66.1,,31.5,,,,,,,10.8,15.4,6.6,,,65.2,16.7,,,15.7,,,,
2022,2022,NV,Nevada,,17.6,,,19.6,,,,,,9.1,,65.7,64.9,,,,,9.2,,,,,,21.0,,34.8,18.2,31.1,17.3,25.5,35.4,17.8,70.2,,,13.4,13.5,,,,,,,,,,,,27.8,,36.0,,11.8,60.0,,,31.8,58.4,,32.6,,,,,,,11.3,14.2,10.8,,,65.6,18.4,,,14.8,,,,53.2
2022,2022,NY,New York,,16.6,,,14.3,,,,,,9.5,,58.7,84.3,,,,,5.6,,,,,,13.3,,35.6,15.2,19.1,12.9,38.9,41.2,27.2,54.3,,,17.8,18.5,,,,,,,,,,,,22.8,,35.1,,9.9,72.8,,,43.9,60.3,,39.8,,,,,,,,,,,,,,,,11.3,,,,52.0
2022,2022,OH,Ohio,,24.2,,,35.1,,,,,,14.3,,60.7,73.8,,,,,17.0,,,,,,25.2,,43.5,29.0,20.8,15.4,44.6,38.0,34.4,72.5,,,17.0,17.3,,,,,,,,,,,,26.4,,38.1,,16.1,53.8,,,32.2,66.6,,42.9,,,,,,,,,,,,,,,,21.0,,,,
2022,2022,OK,Oklahoma,,17.9,,,32.2,,,,,,12.3,,54.5,61.9,,,,,7.8,,,,,,13.3,,31.0,17.2,24.7,11.7,43.2,33.9,25.0,68.1,,,30.5,23.5,,,,,,,,,,,,25.3,,41.6,,15.9,57.7,,,58.4,60.5,,34.0,,,,,,,,,,,,,,,,18.8,,,,
2022,2022,OR,Oregon,,5.8,,,24.0,,,,,,11.1,,39.2,78.4,,,,,6.6,,,,,,18.7,,43.8,18.7,32.3,21.2,31.9,50.4,37.1,72.1,,,22.0,20.7,,,,,,,,,,,,19.0,,25.9,,10.9,75.2,,,29.1,66.2,,30.9,,,,,,,,,,,,,,,,8.4,,,,
2022,2022,PA,Pennsylvania,,5.4,,,18.8,,,,,,9.2,,60.5,74.1,,,,,3.7,,,,,,11.3,,33.0,11.5,12.6,14.5,41.4,49.2,26.6,74.5,,,19.7,8.4,,,,,,,,,,,,23.2,,34.2,,12.1,63.9,,,33.0,68.3,,39.7,,,,,,,,,,,,,,,,9.3,,,,54.1
2022,2022,PR,Puerto Rico,,13.4,,,5.4,,,,,,14.1,,53.9,78.5,,,,,7.7,,,,,,17.9,,27.8,20.7,30.4,17.3,50.9,35.6,13.0,35.6,,,19.3,14.1,,,,,,,,,,,,53.7,,34.2,,12.0,67.6,,,47.6,70.7,,36.4,,,,,,,5.5,13.2,10.7,,,83.4,14.9,,,9.6,,,,
2022,2022,RI,Rhode Island,,16.6,,,53.7,,,,,,11.4,,64.3,88.6,,,,,6.8,,,,,,9.9,,27.9,21.4,15.1,14.5,46.4,52.1,38.8,57.5,,,39.4,13.1,,,,,,,,,,,,25.2,,30.8,,24.4,64.9,,,28.2,73.4,,34.6,,,,,,,7.9,4.8,8.5,,,79.6,21.4,,,11.0,,,,64.7
2022,2022,SC,South Carolina,,20.3,,,8.7,,,,,,9.0,,58.2,76.2,,,,,8.0,,,,,,24.7,,31.5,19.0,21.1,9.7,43.0,30.9,29.1,66.1,,,14.7,14.8,,,,,,,,,,,,20.5,,35.0,,17.4,62.6,,,37.0,42.6,,34.6,,,,,,,9.7,17.4,7.4,,,74.4,11.7,,,13.6,,,,
2022,2022,SD,South Dakota,,16.6,,,48.9,,,,,,6.9,,47.7,69.8,,,,,6.0,,,,,,8.0,,25.1,16.6,18.4,9.6,36.0,51.0,29.7,69.9,,,12.8,14.9,,,,,,,,,,,,17.1,,32.6,,12.9,70.1,,,19.8,72.2,,39.6,,,,,,,,,,,,,,,,12.4,,,,
2022,2022,TN,Tennessee,,30.6,,,15.8,,,,,,20.1,,57.0,78.1,,,,,13.3,,,,,,27.0,,37.2,51.5,25.3,9.5,29.2,48.1,33.2,62.3,,,33.9,25.0,,,,,,,,,,,,27.7,,37.8,,17.5,74.0,,,37.2,58.4,,38.8,,,,,,,11.2,12.3,8.5,,,74.0,10.9,,,24.1,,,,
2022,2022,TX,Texas,,21.7,,,27.5,,,,,,7.1,,76.2,77.2,,,,,4.9,,,,,,6.7,,33.8,18.7,16.5,12.0,28.6,47.6,33.6,65.8,,,19.9,19.8,,,,,,,,,,,,34.5,,45.9,,16.1,65.6,,,29.7,52.1,,37.5,,,,,,,21.4,4.9,10.4,,,78.9,14.9,,,13.4,,,,
2022,2022,US,United States,,17.4,,,29.2,,,,,,11.9,,59.9,76.6,,,,,7.0,,,,,,11.6,,43.9,26.8,28.8,15.4,67.7,45.9,32.2,69.4,,,23.1,13.0,,,,,,,,,,,,23.9,,30.6,,12.7,57.7,,,29.5,61.1,,34.7,,,,,,,10.7,14.0,16.1,,,77.7,12.0,,,14.3,,,,56.5
2022,2022,UT,Utah,,15.9,,,53.3,,,,,,8.1,,59.5,65.5,,,,,3.9,,,,,,9.4,,30.0,41.5,11.1,13.6,45.1,55.5,27.5,60.5,,,31.8,16.7,,,,,,,,,,,,18.6,,31.1,,7.9,78.7,,,43.9,69.0,,27.4,,,,,,,9.5,5.8,6.1,,,60.0,7.5,,,7.7,,,,55.0
2022,2022,VA,Virginia,,4.8,,,31.7,,,,,,9.9,,68.6,84.5,,,,,8.1,,,,,,25.5,,31.3,18.2,16.3,11.8,47.8,32.8,40.7,63.6,,,15.9,13.0,,,,,,,,,,,,20.9,,34.2,,11.9,73.6,,,29.7,74.8,,39.4,,,,,,,,,,,,,,,,4.8,,,,
2022,2022,VI,Virgin Islands,,7.4,,,16.7,,,,,,8.9,,44.9,67.1,,,,,0.9,,,,,,15.9,,44.9,15.7,21.3,11.5,20.2,,,24.5,,,9.5,8.2,,,,,,,,,,,,27.4,,18.1,,19.8,50.8,,,39.7,47.7,,40.9,,,,,,,20.0,13.8,19.1,,,64.5,46.5,,,,,,,
2022,2022,VT,Vermont,,24.2,,,53.5,,,,,,14.1,,61.8,75.4,,,,,6.3,,,,,,8.4,,38.7,20.0,14.1,11.1,52.3,42.7,31.8,64.6,,,37.1,13.0,,,,,,,,,,,,27.6,,26.5,,12.3,57.9,,,29.9,64.0,,24.9,,,,,,,7.0,8.1,6.9,,,72.0,2.7,,,13.4,,,,41.7
2022,2022,WA,Washington,,18.1,,,12.8,,,,,,10.9,,51.9,71.0,,,,,4.7,,,,,,17.6,,40.3,4.9,12.2,21.3,37.8,60.5,41.4,70.0,,,21.6,8.3,,,,,,,,,,,,16.2,,32.5,,8.8,67.0,,,33.9,54.0,,48.6,,,,,,,7.8,11.3,11.1,,,71.9,12.9,,,9.0,,,,49.1
2022,2022,WI,Wisconsin,,15.7,,,15.6,,,,,,8.7,,62.2,83.5,,,,,8.8,,,,,,20.1,,40.6,23.7,21.0,14.8,41.9,49.8,35.7,72.0,,,23.0,21.5,,,,,,,,,,,,19.8,,48.2,,8.3,54.0,,,23.2,53.8,,34.8,,,,,,,8.8,5.7,6.1,,,75.0,13.9,,,14.3,,,,37.9
2022,2022,WV,West Virginia,,20.3,,,20.3,,,,,,12.9,,61.9,76.0,,,,,20.9,,,,,,17.4,,28.6,30.8,25.5,18.0,36.9,30.1,25.0,73.1,,,19.8,11.2,,,,,,,,,,,,34.9,,40.8,,24.8,51.6,,,50.1,59.7,,49.1,,,,,,,4.4,17.6,9.3,,,85.9,5.2,,,22.6,,,,
2022,2022,WY,Wyoming,,17.5,,,29.4,,,,,,12.3,,56.1,59.6,,,,,6.9,,,,,,9.2,,29.8,29.9,14.3,12.5,33.6,36.5,25.7,66.3,,,21.0,8.7,,,,,,,,,,,,20.1,,34.2,,12.2,67.5,,,29.7,67.4,,36.9,,,,,,,11.1,2.2,7.2,,,57.7,10.6,,,11.9,,,,
